104256,"ACCESORIO CAMPANA BALAY LZ53250",3,"37,4",104256
100732,"ACCESORIO SECADORA EDESA ACC COLUM CRO(994990168)",1,7,100732
100788,"ACCESORIO SIEMENS HZ-333102",26,20,100788
103016,"ADAPTADOR TEKA FILTRO CAMPANA 61801340",3,"5,75",103016
104191,"AFEITADORA BABYLISS E826E",3,"32,7",104191
104190,"AFEITADORA BABYLISS T810E",5,"26,26",104190
103082,"AFEITADORA PHILIPS  AT750/26 Aquatouch 40 min/ 1",7,"47,2",103082
105972,"AFEITADORA PHILIPS S1100/04",1,"32,5",105972
103764,"AFEITADORA PHILIPS S3110/06",7,"40,46",103764
103301,"AFEITADORA PHILIPS S5420/06",1,"66,58",103301
104821,"AFEITADORA PHILIPS TT2040/32",8,"47,22",104821
100196,"AIRE ACOND.FAGOR FC-32 CB(SOLO MOTORES.93701322)",3,323,100196
105911,"AIRE ACOND.HAIER AS09TA2HRA-TE4+1U09BE8ER",7,270,105911
104115,"AIRE ACOND.HISENSE AS-09UR4SYDDC",3,250,104115
105572,"AIRE ACOND.HISENSE AST-18UW4SFATG10",2,"494,78",105572
104058,"AIRE ACOND.SAMSUNG F-H5409",3,340,104058
105678,"AIRE ACOND.TRISTAR AC-5529",23,"184,3",105678
105679,"AIRE ACOND.TRISTAR AC-5531",7,"218,41",105679
105730,"AIRE ACOND.TRISTAR AC-5560",1,"238,35",105730
105680,"AIRE ACOND.TRISTAR AC-5562",50,225,105680
102082,"ALTAVOZ AUDIOSONIC SK-1512",11,"10,77",102082
102083,"ALTAVOZ AUDIOSONIC SK-1513",22,"10,77",102083
102084,"ALTAVOZ AUDIOSONIC SK-1537",7,37,102084
103409,"ALTAVOZ ENERGY SISTEM 422821 ENERGY TOWER 5 WHITE",12,72,103409
105039,"ALTAVOZ ENERGY SISTEM 426515 NEGRO",6,"14,96",105039
105144,"ALTAVOZ ENERGY SISTEM 426690 MINT",8,"14,96",105144
102184,"ANTICALCAREO POLTI KALSTOP FP2003 PAEU0094",16,"9,06",102184
105944,"ARROCERA TRISTAR RK-6117",27,"12,22",105944
103563,"ARROCERA TRISTAR RK-6126",49,"14,32",103563
103564,"ARROCERA TRISTAR RK-6127",4,"17,97",103564
103071,"ARROCERA TRISTAR RK-6129",31,"22,8",103071
104435,"ASPIRADOR  CORBERÓ CAS2000S",4,25,104435
105910,"ASPIRADOR AEG ACC5110",2,"61,69",105910
105877,"ASPIRADOR AEG LX7-1-EB-A",6,"111,71",105877
105878,"ASPIRADOR AEG LX7-1-WR-P",5,"97,93",105878
105883,"ASPIRADOR ELECTROLUX ZB3211",6,"122,23",105883
106049,"ASPIRADOR ELECTROLUX ZB3230P",1,"154,38",106049
105882,"ASPIRADOR ELECTROLUX ZUSORIGDB+",1,"130,79",105882
105958,"ASPIRADOR HOOVER FD22G 011",4,115,105958
105533,"ASPIRADOR HOOVER LA71-LA20011",20,48,105533
105475,"ASPIRADOR HOOVER SE71_SE51011",3,48,105475
105329,"ASPIRADOR LG VSR6600OB",1,345,105329
105330,"ASPIRADOR LG VSR8600RR",1,"356,98",105330
102168,"ASPIRADOR POLTI C110 PBEU0084 FORZASPIRA",6,"57,18",102168
103574,"ASPIRADOR POLTI FORZASPIRA SE110 PBEU0085",2,"117,93",103574
103573,"ASPIRADOR POLTI PBEU0093 FORZASPIRA LECOLOGICO AL",2,"105,23",103573
103571,"ASPIRADOR POLTI SR25.9 PLUS PBEU0096",7,"133,2",103571
104978,"ASPIRADOR ROWENTA RO6331EA",2,"129,67",104978
104977,"ASPIRADOR ROWENTA RO6455EA",4,"192,45",104977
102250,"ASPIRADOR ROWENTA RO8324EA",5,"185,17",102250
102057,"ASPIRADOR TRISTAR KR-2156",3,"18,1",102057
104929,"ASPIRADOR TRISTAR SZ-1918",2,"35,33",104929
105530,"ASPIRADOR TRISTAR SZ-2131",52,"35,24",105530
104200,"BALON PROMO BABYLISS",12,0,104200
102949,"BARBACOA ELECTRICA MONDIAL CH01",4,19,102949
105925,"BARBACOA TRISTAR BQ-2820",9,"26,2",105925
105926,"BARBACOA TRISTAR BQ-2880",18,"16,16",105926
105114,"BARRA DE SONIDO SAMSUNG HW-K360ZF",2,"126,34",105114
104454,"BASCULA CORBERÓ CBB2000",31,"9,18",104454
104456,"BASCULA CORBERÓ CBC500D",27,"9,18",104456
102058,"BASCULA TRISTAR KW-2430",26,"8,08",102058
102060,"BASCULA TRISTAR KW-2435",32,"8,85",102060
103559,"BASCULA TRISTAR KW-2445",18,"9,45",103559
102103,"BASCULA TRISTAR WG-2419 BAÑO",104,"8,42",102103
105176,"BASCULA TRISTAR WG-2428",18,"12,2",105176
105177,"BASCULA TRISTAR WG-2429",99,"8,42",105177
103866,"BATIDORA AMASADORA BRAUN HM3100WH",8,"37,36",103866
103859,"BATIDORA BRAUN JB3060WHS",11,"61,98",103859
103860,"BATIDORA BRAUN JB5050 BK",3,"64,91",103860
105446,"BATIDORA BRAUN MQ3025WH",13,"34,75",105446
103854,"BATIDORA BRAUN MQ5000WH SOUP",9,"35,29",103854
103855,"BATIDORA BRAUN MQ5035WH SAUCE",11,"52,32",103855
105428,"BATIDORA BRAUN MQ5037WH",6,"62,16",105428
103856,"BATIDORA BRAUN MQ735 SAUCE",9,"66,8",103856
104969,"BATIDORA BRAUN MQ9005X",7,"71,4",104969
105001,"BATIDORA KENWOOD SB055WG",4,"34,71",105001
104293,"BATIDORA MONDIAL L94",29,59,104293
102829,"BATIDORA MOULINEX DD861110/(PRM)",3,"37,28",102829
102217,"BATIDORA MOULINEX DD866A10",11,"51,37",102217
104921,"BATIDORA MOULINEX DD873D10",8,"57,75",104921
102220,"BATIDORA MOULINEX LM121135",1,"31,14",102220
104925,"BATIDORA MOULINEX LM1A0D10",9,"25,69",104925
105903,"BATIDORA PHILIPS HR2093/08",3,69,105903
103108,"BATIDORA PHILIPS HR2100/00 B. V. Daily, 400w J plo",5,"24,33",103108
105936,"BATIDORA PRINCESS 01.212071.01.001",6,"43,91",105936
106395,"BATIDORA TAURUS ROBOT 500",30,"14,43",106395
102030,"BATIDORA TRISTAR BL-4430",26,"23,55",102030
102031,"BATIDORA TRISTAR BL-4436",41,"31,92",102031
105165,"BATIDORA TRISTAR BL-4447",31,"14,42",105165
106040,"BATIDORA TRISTAR BL-4455PR",146,"16,75",106040
104137,"BATIDORA TRISTAR BL4451PR",19,"18,5",104137
105173,"BATIDORA TRISTAR MX-4191",16,"19,64",105173
105938,"BATIDORA TRISTAR MX-4195",17,"24,31",105938
100879,"BOLSA ASPIRADOR TRISTAR XX191005",8,5,100879
100049,"CAFETERA BOSCH ESPRESSO TCC78K751",1,"1034,68",100049
104378,"CAFETERA BRANDT CAF1318S",3,15,104378
104379,"CAFETERA BRANDT CAF815X",1,19,104379
104176,"CAFETERA BRAUN KF520/1",15,"39,44",104176
104449,"CAFETERA CORBERÓ CCG1200",2,"15,31",104449
103839,"CAFETERA DELONGHI EC7.1",5,"48,16",103839
103842,"CAFETERA DELONGHI ECP33.21",4,"102,38",103842
104098,"CAFETERA DELONGHI EDG200.B",40,31,104098
104097,"CAFETERA DELONGHI EDG200.R",40,31,104097
104096,"CAFETERA DELONGHI EDG201.S",40,31,104096
103843,"CAFETERA DELONGHI EDG305BG",1,"70,89",103843
103844,"CAFETERA DELONGHI EDG305WR",3,"65,18",103844
102201,"CAFETERA DELONGHI EMK9 Alicia",10,"50,93",102201
103840,"CAFETERA DELONGHI EMKM6 Alicia Plus",2,"44,17",103840
104140,"CAFETERA DELONGHI ICM15210.1",4,0,104140
100613,"CAFETERA GRUNKEL  ALUMINIO CAF-9TF",15,"5,5",100613
100611,"CAFETERA GRUNKEL ALUMINIO CAF-12TF",12,"6,5",100611
104973,"CAFETERA KRUPS KP1105ES",7,"57,75",104973
104972,"CAFETERA KRUPS KP1108ES",11,55,104972
103736,"CAFETERA KRUPS KP1201IB(ES) MINI ME BLANCA EUR",4,"62,85",103736
103737,"CAFETERA KRUPS KP1208IB(ES) MINI ME NEGRA EUR",2,"62,85",103737
103724,"CAFETERA KRUPS KP1608IB NDG GENIO 2 NEGRA",1,"87,98",103724
100678,"CAFETERA KRUPS KP5002",4,"111,65",100678
103941,"CAFETERA KRUPS XN1001PR4 INISSIA BLANCA",6,"62,85",103941
104965,"CAFETERA KRUPS XN411TPR4",4,"160,36",104965
104968,"CAFETERA KRUPS XN7405PR4",3,119,104968
104970,"CAFETERA KRUPS XN740BPR4",3,"118,69",104970
104963,"CAFETERA KRUPS XN7605PR4",4,"164,32",104963
104964,"CAFETERA KRUPS XN760BPR4",4,165,104964
103392,"CAFETERA MONDIAL C19",26,"22,8",103392
103940,"CAFETERA MONDIAL C21",32,"36,58",103940
104928,"CAFETERA MOULINEX FG150813",7,18,104928
102814,"CAFETERA MOULINEX FG152832",6,"17,48",102814
105481,"CAFETERA PHILIPS HD7462/20",8,"24,99",105481
101176,"CAFETERA SOLAC CE4492",2,"100,46",101176
100805,"CAFETERA TAURUS CAPSULA AREZZO",3,"66,95",100805
105744,"CAFETERA TAURUS ITALICA 3T",6,"6,6",105744
105743,"CAFETERA TAURUS ITALICA 6T",12,"8,2",105743
105742,"CAFETERA TAURUS ITALICA 9T",10,"10,2",105742
105745,"CAFETERA TAURUS ITALICA INDUCTION 6T",7,"11,59",105745
105746,"CAFETERA TAURUS ITALICA INDUCTION 9T",10,"13,28",105746
105101,"CAFETERA TAURUS VERONA 12",8,"21,97",105101
105100,"CAFETERA TAURUS VERONA 6",1,"17,5",105100
103370,"CAFETERA TERMO TRISTAR CM-1234",78,"27,7",103370
103552,"CAFETERA TRISTAR CM-1237",23,"16,6",103552
103553,"CAFETERA TRISTAR CM-1238",67,"14,9",103553
103371,"CAFETERA TRISTAR CM-1240",95,"17,8",103371
103554,"CAFETERA TRISTAR CM-1243",54,"21,1",103554
105166,"CAFETERA TRISTAR CM-1245",25,"13,41",105166
103556,"CAFETERA TRISTAR CM-2273",3,"72,95",103556
104461,"CALEFACTOR HALÓGENO CORBERÓ CCFHL2000",25,"20,25",104461
100626,"CALEFACTOR HYUNDAI SC201",6,18,100626
103377,"CALEFACTOR TRISTAR KA-5036",2,"29,9",103377
105438,"CALENTADOR CORBERÓ CCE10FMGB",8,"137,9",105438
105437,"CALENTADOR CORBERÓ CCEST10GB",6,"179,56",105437
105068,"CAMPANA AEG X66264MD1",3,"235,97",105068
104723,"CAMPANA AEG X69264MD1",1,"253,79",104723
106331,"CAMPANA BALAY 3BC565GN",5,"226,32",106331
104155,"CAMPANA BALAY 3BC762M",16,"106,92",104155
103800,"CAMPANA BALAY 3BC792M",2,"125,77",103800
103323,"CAMPANA BALAY 3BC861M",4,"139,79",103323
105973,"CAMPANA BALAY 3BC864XM",1,0,105973
104944,"CAMPANA BALAY 3BC872M",2,0,104944
104790,"CAMPANA BALAY 3BC8855N",2,"287,07",104790
103584,"CAMPANA BALAY 3BC8880G",1,0,103584
105725,"CAMPANA BALAY 3BC891M",1,0,105725
103042,"CAMPANA BALAY 3BC894XM",3,"245,26",103042
103810,"CAMPANA BALAY 3BC897BC",3,"320,05",103810
101739,"CAMPANA BALAY 3BF743XP",5,"85,82",101739
101200,"CAMPANA BALAY 3BF745XP",4,"133,15",101200
106160,"CAMPANA BALAY 3BH262MB",8,"54,1",106160
105686,"CAMPANA BALAY 3BH262MX",2,"78,94",105686
103313,"CAMPANA BALAY 3BH729XP",3,"111,64",103313
104128,"CAMPANA BALAY 3BI894XM",1,0,104128
106029,"CAMPANA BALAY 3BT262MX",9,"65,1",106029
105899,"CAMPANA BOSCH DFT63AC50",5,"89,13",105899
104919,"CAMPANA BOSCH DHL555B",5,"147,14",104919
104219,"CAMPANA BOSCH DWB06W651",5,"171,17",104219
104183,"CAMPANA BOSCH DWB09W651",4,"198,21",104183
105687,"CAMPANA BOSCH DWF97RV60",2,890,105687
105629,"CAMPANA BOSCH DWK67IM20",5,345,105629
102197,"CAMPANA BRANDT AD916X",4,130,102197
106142,"CAMPANA CANDY CBT6324W",6,65,106142
104713,"CAMPANA CANDY CCE116X",9,"64,49",104713
105490,"CAMPANA CANDY CFT610/3S",5,38,105490
105696,"CAMPANA CANDY CFT610/3W",97,35,105696
105307,"CAMPANA CORBERÓ CCDT6000X",1,"109,44",105307
105306,"CAMPANA CORBERÓ CCDT9000X",4,"121,17",105306
106189,"CAMPANA CORBERÓ CCSC60220CVW",25,"31,88",106189
106190,"CAMPANA CORBERÓ CCSD6350PD",48,55,106190
105909,"CAMPANA EDESA URBAN BOX-61XA INOX",1,"125,26",105909
102403,"CAMPANA FAGOR CFB-60AXA",2,138,102403
100690,"CAMPANA MEPAMSA CYLINDRA PRO ALTO",1,"612,59",100690
100692,"CAMPANA MEPAMSA GLASSY H 90",3,"289,59",100692
100694,"CAMPANA MEPAMSA PERLA PRO 90",1,"368,59",100694
104903,"CAMPANA SIEMENS LC66BA521",4,"168,36",104903
104010,"CAMPANA SIEMENS LC77BE532",4,"278,94",104010
106266,"CAMPANA SMEG KSET61E",1,0,106266
104592,"CAMPANA TEKA C 6310 BCO 40461541",3,50,104592
104596,"CAMPANA TEKA C 6310 INOX 40461540",1,55,104596
104607,"CAMPANA TEKA CNL 6415 NGO A 40436812",8,"86,25",104607
104604,"CAMPANA TEKA CNL 6415 PLUS NGO A 40436822",3,"117,88",104604
104610,"CAMPANA TEKA CNL 6815 PLUS INOX A 40436840",2,"132,25",104610
104612,"CAMPANA TEKA CNL 9815 PLUS INOX A 40436860",5,"158,13",104612
102551,"CAMPANA TEKA CNL3 2002 NG 40436722",1,"76,97",102551
100814,"CAMPANA TEKA DB190 NGA.40460018",2,"102,91",100814
100998,"CAMPANA TEKA DBB70 IX 40460420",1,"77,63",100998
101238,"CAMPANA TEKA DBB90 IX 40460440",14,"89,13",101238
102538,"CAMPANA TEKA DBP 90 PRO IX 40460529",2,"120,75",102538
102527,"CAMPANA TEKA DG 785 40485381",1,"169,63",102527
104290,"CAMPANA TEKA DG3 ISLA 985 40485150",1,368,104290
102535,"CAMPANA TEKA DH 985 A 40484192",4,"175,38",102535
102531,"CAMPANA TEKA DH 985T A 40487172",1,"192,63",102531
104544,"CAMPANA TEKA DH2 ISLA 985 INOX 40484640",1,"468,63",104544
101159,"CAMPANA TEKA GFG2 NGO 40446752",1,"74,75",101159
101529,"CAMPANA TEKA GFH 55 IX 40446700",1,"71,88",101529
101531,"CAMPANA TEKA GFT IX 40446300",10,"74,75",101531
101525,"CAMPANA TEKA NR1 89 BCO 1MOTOR 40457310",1,69,101525
104617,"CAMPANA TEKA QUADRO DLV 985 NGO A 40437200",3,"293,25",104617
104630,"CAMPANA TEKA TIKAL DSS 785 INOX A 40437000",2,"204,13",104630
104631,"CAMPANA TEKA TIKAL DSS 985 INOX A 40437010",5,"212,75",104631
104635,"CAMPANA TEKA TL 6310 INOX 40474250",1,"48,88",104635
102557,"CAMPANA TEKA XT1 891 BCA 40456300",9,"60,38",102557
106171,"CAMPANA WHIRLPOOL AKR 712IX",5,"138,96",106171
106172,"CAMPANA WHIRLPOOL AKR 749IX",5,"75,16",106172
105933,"CEPILLO ALISADOR TRISTAR HD-2400",6,"13,91",105933
104197,"CEPILLO ROTATIVO BABYLISS AS121E",9,"32,7",104197
104198,"CEPILLO ROTATIVO BABYLISS AS551E",9,"39,14",104198
103623,"CLIMATIZADOR TRISTAR AT-5450",48,59,103623
105713,"COCINA CORBERÓ CC450BW",13,"144,7",105713
105403,"COCINA CORBERÓ CC450BX",21,"192,3",105403
106096,"COCINA CORBERÓ CC510GB90W",27,"273,89",106096
106097,"COCINA CORBERÓ CC510GB90X",11,298,106097
105976,"COCINA CORBERÓ CC604BX",35,"217,27",105976
106294,"COCINA CORBERÓ CC900X",4,"474,63",106294
106180,"COCINA INDESIT I6VMC6A(X)/GR A",4,"342,8",106180
104002,"CONGELADOR AEG A72710GNW0 A++",2,"554,71",104002
102111,"CONGELADOR BALAY 3GF8601B A++",9,"405,26",102111
100030,"CONGELADOR BALAY 3GF8651L A++",1,485,100030
105607,"CONGELADOR BOSCH GSN36AW31 A++",8,"506,31",105607
102434,"CONGELADOR BRANDT BFU484YNW A++",3,450,102434
101059,"CONGELADOR CANDY CCHE155 A+",3,"244,03",101059
104117,"CONGELADOR CANDY CCTUS542WH A+",2,178,104117
100083,"CONGELADOR CANDY CFUN6172XE A+",1,"494,74",100083
104872,"CONGELADOR CORBERÓ CCH061LW A+",9,"133,51",104872
105631,"CONGELADOR CORBERÓ CCH103E A+",2,134,105631
104874,"CONGELADOR CORBERÓ CCH152LW A+",24,145,104874
106241,"CONGELADOR CORBERÓ CCH153E A+",7,"149,25",106241
105643,"CONGELADOR CORBERÓ CCH303E A+",8,224,105643
106240,"CONGELADOR CORBERÓ CCH403E A+",14,"290,47",106240
104396,"CONGELADOR CORBERÓ CCV1435W A+",10,"212,95",104396
105390,"CONGELADOR CORBERÓ CCV1856NFW A+",11,349,105390
105478,"CONGELADOR CORBERÓ CCV1856NFX A+",20,"374,54",105478
105300,"CONGELADOR CORBERÓ CCV852W A+",17,"121,27",105300
105015,"CONGELADOR CORBERÓ CF1C1855W A+",5,"328,7",105015
105588,"CONGELADOR HISENSE FV105D4AW2 A++",2,"140,47",105588
105077,"CONGELADOR IGNIS CE210 EG A+",1,"175,73",105077
105078,"CONGELADOR IGNIS CO250 EG A+",2,"219,95",105078
102291,"CONGELADOR SAMSUNG RZ28H6000SS A+",2,505,102291
102290,"CONGELADOR SAMSUNG RZ28H6005WW A++",5,505,102290
102368,"CONGELADOR TENSAI SIF320A+",6,"196,94",102368
104052,"CONGELADOR ZANUSSI ZFU27400XA A+",16,"435,52",104052
105570,"CONGELADOR ZANUSSI ZFU27401WA A++",9,"411,82",105570
104460,"CONVECTOR CORBERÓ CCFCNT100",12,"28,41",104460
100881,"CORTAPELOS TRISTAR TR2552",42,"13,68",100881
102033,"CREPERA TRISTAR BP-2961",38,"18,59",102033
105757,"CUCHILLA AFEITAR PHILIPS QP220/55",4,"14,59",105757
104202,"DEPILADORA LUZ PULSADA BABYLISS G934E",3,"128,67",104202
104203,"DEPILADORA LUZ PULSADA BABYLISS G945E",4,"193,73",104203
103767,"DEPILADORA PHILIPS BRE630/00",12,"49,94",103767
105132,"DESHUMIDIFICADOR DELONGHI DDS20P",2,"319,13",105132
103848,"DESHUMIDIFICADOR DELONGHI DNC 65",3,212,103848
105133,"DESHUMIDIFICADOR DELONGHI DX10.WGY",9,"163,92",105133
104196,"DESHUMIDIFICADOR MONDIAL DM01",13,110,104196
106427,"DESHUMIDIFICADOR TRISTAR AC-5410",126,"75,28",106427
106428,"DESHUMIDIFICADOR TRISTAR AC-5420",100,"127,99",106428
103038,"DESHUMIDIFICADOR TRISTAR AC-5488",19,"111,5",103038
103039,"DESHUMIDIFICADOR TRISTAR AC-5520",26,"164,32",103039
103155,"DESHUMIDIFICADOR UFESA DH4012 12litros",26,"142,22",103155
103156,"DESHUMIDIFICADOR UFESA DH4020 20litros",18,"191,11",103156
106173,"DESHUMIDIFICADOR WHIRLPOOL DE20LWS0",5,"194,44",106173
105006,"DISPENSADOR AGUA MONDIAL BB05",6,110,105006
101139,"ELIMINADOR DE DUREZAS TAURUS PIED-CARE",4,"18,04",101139
100824,"ESCURRIDOR TEKA REDONDO ERE 450",1,0,100824
103364,"ESPUMADOR PRINCESS 222187",11,"5,9",103364
104384,"EXPRIMIDOR BRANDT PAI-40V",2,"14,72",104384
103858,"EXPRIMIDOR BRAUN CJ3000WH",22,"16,06",103858
103857,"EXPRIMIDOR BRAUN CJ3050WH",4,"24,85",103857
105500,"EXPRIMIDOR KENWOOD JE290",4,"26,23",105500
103619,"EXPRIMIDOR MONDIAL E20",20,"24,53",103619
105555,"EXPRIMIDOR MONDIAL E25",6,"38,81",105555
104932,"EXPRIMIDOR MOULINEX PC300B10",2,"17,35",104932
104931,"EXPRIMIDOR MOULINEX PC603D10",6,"38,52",104931
103113,"EXPRIMIDOR PHILIPS HR2738/00",6,"11,19",103113
105531,"EXPRIMIDOR PRINCESS 201852",4,"34,4",105531
102024,"EXPRIMIDOR PRINCESS 201970",6,"25,77",102024
102041,"EXPRIMIDOR TRISTAR CP-2251",74,"6,7",102041
102042,"EXPRIMIDOR TRISTAR CP-2262",171,"8,49",102042
102109,"EXPRIMIDOR TRISTAR CP-2263",81,"7,2",102109
102043,"EXPRIMIDOR TRISTAR CP-2265",54,"20,9",102043
100017,"FILTRO AGUA ARIETE 2800",2,5,100017
105525,"FILTRO AGUA SIEMENS FI50Z000",10,25,105525
100060,"FILTRO BRANDT AK506AE1",1,8,100060
106435,"FILTRO CARBON BALAY 00461422",1,0,106435
105404,"FILTRO CARBON BOSCH DHZ2600",1,0,105404
103134,"FILTRO CARBON BOSCH LZ26000",4,"13,61",103134
104714,"FILTRO CARBON FAGOR FCA-500",1,"14,49",104714
100825,"FILTRO CARBON TEKA C2R 61801239",2,"4,03",100825
100826,"FILTRO CARBON TEKA C3C 61801251",6,"6,33",100826
104668,"FILTRO CARBON TEKA CNL 1C (CNL 6415) 61801346",2,"6,33",104668
100734,"FILTRO EDESA AFC55",7,5,100734
100061,"FILTRO EDESA DHK305AP1",4,3,100061
100633,"FILTRO ITZZI REF.151/159",7,"21,4",100633
106267,"FILTRO SMEG KITFC155",1,0,106267
102952,"FONDUE MONDIAL FD01 LE GOURMET FONDUE",18,"31,38",102952
103365,"FOUNTAIN PRINCESS 292994",4,"15,5",103365
100700,"FREGADERO MEPAMSA ZERO38",2,268,100700
101646,"FREGADERO TEKA BE 1 1/2C 625 REV 10125160",1,"114,86",101646
100980,"FREGADERO TEKA BE 40.40.20 PLUS 10125152",17,"51,05",100980
100827,"FREGADERO TEKA BE-40.40 10125005",11,"43,39",100827
100983,"FREGADERO TEKA BE-50.40.20 PLUS 10125122",11,"61,26",100983
101360,"FREGADERO TEKA BE45.40.20 10125123",10,"56,15",101360
101618,"FREGADERO TEKA CENTROVAL 10111004",4,"45,95",101618
101305,"FREGADERO TEKA CLASSIC 1C 1E 10119005",49,"74,02",101305
101313,"FREGADERO TEKA DR-80 2C IX 10110006",10,"66,37",101313
101359,"FREGADERO TEKA DR80 1C1E 10110005",8,"59,23",101359
101629,"FREGADERO TEKA E-50 2C IX 10103011",22,"68,92",101629
101115,"FREGADERO TEKA E/50 1C 10103001",49,"40,84",101115
100831,"FREGADERO TEKA E/50 1C1E 10103010",45,"58,71",100831
100832,"FREGADERO TEKA ERC 10108010",10,"38,29",100832
101358,"FREGADERO TEKA STYLO 1C 10107007",4,"40,84",101358
101304,"FREGADERO TEKA STYLO 1C 1E 10107017",5,"58,71",101304
101116,"FREGADERO TEKA STYLO 2C 10107028",18,"68,92",101116
101022,"FREGADERO TEKA UNIVERSO 1 1/2C 1E 10120016",16,"74,02",101022
100834,"FREGADERO TEKA UNIVERSO 1C 1E 79 10120087",32,"58,71",100834
101363,"FREGADERO TEKA UNIVERSO 45GT 1C1E ARENA-BEIGE",1,"163,36",101363
104450,"FREIDORA CORBERÓ CFR2500",10,"28,89",104450
104843,"FREIDORA DELONGHI F28311.W1",5,"82,92",104843
103372,"FREIDORA FONDUE TRISTAR FO-1102",11,22,103372
104195,"FREIDORA MONDIAL FT06",29,"30,63",104195
102227,"FREIDORA MOULINEX AF135D10",20,"38,52",102227
104936,"FREIDORA MOULINEX AF220010",10,"32,11",104936
104935,"FREIDORA MOULINEX AM322070",11,"38,52",104935
104934,"FREIDORA MOULINEX AM338070",6,"44,93",104934
104754,"FREIDORA PRINCESS 182001",8,"38,75",104754
102023,"FREIDORA PRINCESS 182003",11,"39,65",102023
104755,"FREIDORA PRINCESS 182004",12,"32,73",104755
103363,"FREIDORA PRINCESS 182727",13,29,103363
101185,"FREIDORA SOLAC FG6931",3,"46,04",101185
101184,"FREIDORA SOLAC FM6721",4,39,101184
101190,"FREIDORA TAURUS PRISMA 1.5L (CE-Y388) 4AZ",2,"34,53",101190
101132,"FREIDORA TAURUS PROFESSIONAL 1(SIIB)",13,"30,5",101132
101128,"FREIDORA TAURUS PROFESSIONAL 2L",22,"36,64",101128
105104,"FREIDORA TAURUS PROFESSIONAL 3 PLUS",9,"50,51",105104
101129,"FREIDORA TAURUS PROFESSIONAL 3L",6,"49,34",101129
102267,"FREIDORA TEFAL FR404730",4,"57,75",102267
102266,"FREIDORA TEFAL FR404830",5,"66,16",102266
104135,"FREIDORA TRISTAR FR-6903PR",449,"15,75",104135
102309,"FREIDORA TRISTAR FR-6904",14,"26,01",102309
102047,"FREIDORA TRISTAR FR-6930",19,28,102047
102048,"FREIDORA TRISTAR FR-6935",65,"21,85",102048
103373,"FREIDORA TRISTAR FR-6936",33,25,103373
100948,"FRIGORIFICO  CANDY CCTOS542WH A+",9,165,100948
104023,"FRIGORIFICO AEG S74010KDW0 A++",8,"499,73",104023
104911,"FRIGORIFICO BALAY 3FA4611B A+",3,795,104911
104912,"FRIGORIFICO BALAY 3FA4664X A+",1,"1210,52",104912
102333,"FRIGORIFICO BALAY 3FC1601B A++",9,"405,26",102333
106262,"FRIGORIFICO BALAY 3FFB3621 A+",1,"452,24",106262
105620,"FRIGORIFICO BALAY 3KF6600WI A++",6,"361,05",105620
105709,"FRIGORIFICO BALAY 3KF6626WE A+++",8,458,105709
105697,"FRIGORIFICO BALAY 3KF6650MI A++",1,"403,84",105697
106071,"FRIGORIFICO BALAY 3KF6653MI A++",2,0,106071
105690,"FRIGORIFICO BALAY 3KF6853MI A++",1,0,105690
102635,"FRIGORIFICO BALAY 3KF6865X A+++",17,"564,21",102635
105615,"FRIGORIFICO BALAY 3KF6876XE A+++",8,520,105615
106264,"FRIGORIFICO BALAY 3KI7148F A++",2,"824,33",106264
105711,"FRIGORIFICO BALAY 3KR7868XE A+++",4,"591,57",105711
105616,"FRIGORIFICO BALAY 3KR7897BI A++",6,"724,21",105616
105617,"FRIGORIFICO BALAY 3KR7897GI A++",6,"724,21",105617
105618,"FRIGORIFICO BALAY 3KR7897WI A++",6,"724,21",105618
103483,"FRIGORIFICO BOSCH KAN90VI30",1,"1179,02",103483
105604,"FRIGORIFICO BOSCH KGN33NW3A A++",5,"334,73",105604
105412,"FRIGORIFICO BOSCH KGN36VW25 A+",15,356,105412
105609,"FRIGORIFICO BOSCH KGN36XI3P A++",13,"527,36",105609
105602,"FRIGORIFICO BOSCH KGN36XI4P A+++",2,553,105602
105603,"FRIGORIFICO BOSCH KGN36XW4P A+++",5,493,105603
102772,"FRIGORIFICO BOSCH KGN39VI23 A+",1,"459,76",102772
105707,"FRIGORIFICO BOSCH KGN39VW4A A+++",1,470,105707
100052,"FRIGORIFICO BOSCH KGN39XI34 A++",1,520,100052
105600,"FRIGORIFICO BOSCH KGN39XI4P A+++",3,"616,84",105600
105601,"FRIGORIFICO BOSCH KGN39XW4P A+++",7,"555,78",105601
105295,"FRIGORIFICO BOSCH KGN49AI22 A+",1,671,105295
105605,"FRIGORIFICO BOSCH KSV36AW41 A+++",5,"693,68",105605
104370,"FRIGORIFICO BRANDT BFC504YNW A++",11,390,104370
104372,"FRIGORIFICO BRANDT BFC584YNW A++",7,342,104372
104373,"FRIGORIFICO BRANDT BFC584YNX A++",7,"446,15",104373
106359,"FRIGORIFICO BRANDT BFD672MBW A+",36,"215,3",106359
106360,"FRIGORIFICO BRANDT BFD672MBX A+",26,"228,65",106360
106022,"FRIGORIFICO BUTSIR FREL0185",2,"646,2",106022
106023,"FRIGORIFICO BUTSIR FREL0225",3,"702,88",106023
100080,"FRIGORIFICO BUTSIR FREL0275",3,"759,56",100080
103188,"FRIGORIFICO CANDY CCBF5172WH A+",1,330,103188
100943,"FRIGORIFICO CANDY CCBS5172W A+",1,293,100943
103033,"FRIGORIFICO CANDY CCBS6182WHV/1 A+",1,255,103033
103139,"FRIGORIFICO CANDY CCBS6182XHV/1 A+",2,275,103139
102438,"FRIGORIFICO CANDY CCDS5122W A+",5,180,102438
100940,"FRIGORIFICO CANDY CCDS5142W A+",6,195,100940
103441,"FRIGORIFICO CANDY CCDS5142XH A+",1,275,103441
100941,"FRIGORIFICO CANDY CCDS5162W A+",3,225,100941
100942,"FRIGORIFICO CANDY CCDS6172W A+",5,265,100942
105353,"FRIGORIFICO CANDY CCPN6184IW A++",14,310,105353
106021,"FRIGORIFICO CANDY CCS5172X A+",3,305,106021
100945,"FRIGORIFICO CANDY CCTOS502WH A+",10,150,100945
100956,"FRIGORIFICO CANDY CCTOS502XH A+",12,165,100956
103202,"FRIGORIFICO CANDY CFM2050/1E A+",3,235,103202
101057,"FRIGORIFICO CANDY CFO050E A+",3,"123,07",101057
106507,"FRIGORIFICO CORBERÓ CC1001 A+",76,235,106507
106205,"FRIGORIFICO CORBERÓ CC1855W A+",20,220,106205
106206,"FRIGORIFICO CORBERÓ CC1950MCW A++",29,325,106206
106207,"FRIGORIFICO CORBERÓ CC1950MCX A++",28,340,106207
104868,"FRIGORIFICO CORBERÓ CC2200EDW A++",6,318,104868
106208,"FRIGORIFICO CORBERÓ CC2300MCW A++",28,"325,56",106208
106209,"FRIGORIFICO CORBERÓ CC2300MCX A++",16,"346,35",106209
104395,"FRIGORIFICO CORBERÓ CCL1430W A+",12,"187,75",104395
105301,"FRIGORIFICO CORBERÓ CCL1856NFW A++",7,325,105301
105333,"FRIGORIFICO CORBERÓ CCL1856NFX A+",4,"348,18",105333
105440,"FRIGORIFICO CORBERÓ CF1F85W A+",25,"99,78",105440
104398,"FRIGORIFICO CORBERÓ CF2F160W A+",29,165,104398
104397,"FRIGORIFICO CORBERÓ CF2P145W A+",10,139,104397
106061,"FRIGORIFICO CORBERÓ CF2P2300W A+",2,145,106061
105400,"FRIGORIFICO CORBERÓ CF2P520NF A+",1,298,105400
105265,"FRIGORIFICO CORBERÓ CF4P483EX A++",6,547,105265
105264,"FRIGORIFICO CORBERÓ CF4P544EX A+",1,"567,41",105264
104392,"FRIGORIFICO CORBERÓ CF530SBSW A+",24,420,104392
104393,"FRIGORIFICO CORBERÓ CF530SBSX A+",13,480,104393
105578,"FRIGORIFICO HISENSE RB400N4EW2 A++",12,"318,83",105578
105574,"FRIGORIFICO HISENSE RQ562N4GW1 A+",3,585,105574
105585,"FRIGORIFICO HISENSE RR55D4AW1 A+",10,"70,02",105585
105579,"FRIGORIFICO HISENSE RT417N4DC1 A+",8,"288,69",105579
105670,"FRIGORIFICO HOTPOINT ENBGH19423FW A+++",3,"647,18",105670
105715,"FRIGORIFICO HOTPOINT XH8 T3UX A+++",11,445,105715
104211,"FRIGORIFICO INDESIT RAA29NX A+",8,"195,3",104211
105071,"FRIGORIFICO LG GBB59SWFZB A++",3,405,105071
105323,"FRIGORIFICO LG GBB60NSFZB A++",3,"483,83",105323
105074,"FRIGORIFICO LG GBB60PZFZS A++",2,"495,65",105074
106357,"FRIGORIFICO LG GBP20DSCFS A+++",5,"476,83",106357
106158,"FRIGORIFICO LG GSL360ICEV.ADSQEUR A+",4,860,106158
104240,"FRIGORIFICO LG GSL761PZUZ A++",2,1001,104240
105293,"FRIGORIFICO SAMSUNG RB31FEJNBSS A+++",20,520,105293
103532,"FRIGORIFICO SAMSUNG RB31HER2CSA/EF A++",53,430,103532
105375,"FRIGORIFICO SAMSUNG RB33J3000WW/EF A+",13,300,105375
102303,"FRIGORIFICO SAMSUNG RB37J5000SA A+",7,475,102303
102304,"FRIGORIFICO SAMSUNG RB37J5000WW A+",12,370,102304
105469,"FRIGORIFICO SAMSUNG RB37J5025SA/EF A++",56,420,105469
102306,"FRIGORIFICO SAMSUNG RB37J5325SS A++",2,505,102306
102299,"FRIGORIFICO SAMSUNG RB37J5325WW A++",2,514,102299
102305,"FRIGORIFICO SAMSUNG RB41J7835SR A++",1,681,102305
102292,"FRIGORIFICO SAMSUNG RR35H6005WW A++",4,505,102292
105610,"FRIGORIFICO SIEMENS KG36NXI4A A+++",1,"571,57",105610
105612,"FRIGORIFICO SIEMENS KG39NLB3A A++",2,828,105612
106329,"FRIGORIFICO SIEMENS KG39NVI3A A++",17,"476,35",106329
105187,"FRIGORIFICO SIEMENS KG39NXI32 A++",7,490,105187
104324,"FRIGORIFICO TEKA FTM 240 A+ 40672040",25,145,104324
104323,"FRIGORIFICO TEKA FTM 310 A+ 40672041",36,178,104323
104366,"FRIGORIFICO TEKA FTM 410 A+ 40672042",17,240,104366
104367,"FRIGORIFICO TEKA NFL 320 BCO A+ 40672000",66,255,104367
104368,"FRIGORIFICO TEKA NFL 320 e-INOX A+ 40672001",3,275,104368
104322,"FRIGORIFICO TEKA NFL 340 BCO A+ 40672010",20,"297,85",104322
104369,"FRIGORIFICO TEKA NFL 340 e-INOX A+ 40672011",39,"315,15",104369
104390,"FRIGORIFICO TEKA NFL 430 e-Inox A++ 40672020",2,"379,05",104390
104647,"FRIGORIFICO TEKA TS1 138 A++ 40607710",203,124,104647
101120,"FRIGORIFICO TEKA TS130 BCO A+ 40670300",1,"126,5",101120
105008,"FRIGORIFICO WHIRLPOOL ART9811 A++",2,"488,25",105008
103223,"FRIGORIFICO WHIRLPOOL BSNF8152OX A++",1,"366,7",103223
105989,"FRIGORIFICO WHIRLPOOL BSNF9123OX A+++",6,498,105989
104164,"FRIGORIFICO WHIRLPOOL BSNF9152OX A++",7,"427,04",104164
105309,"FRIGORIFICO ZANUSSI ZRA40401WA A++",5,"388,17",105309
101297,"FRIGORIFICO ZANUSSI ZRB34315WA A++",9,"357,89",101297
104001,"FRIGORIFICO ZANUSSI ZRB34315XA A++",2,"389,24",104001
101084,"FRIGORIFICO ZANUSSI ZRB38315WA A++",5,"398,92",101084
105569,"FRIGORIFICO ZANUSSI ZRB38315XA A++",9,"416,84",105569
102671,"FRIGORIFICO ZANUSSI ZUA12420SA A+",4,330,102671
103368,"FUENTE CHOCO TRISTAR CF-1604",15,"20,5",103368
105055,"FUNDA MAQUINA COSER ALFA A603800000 STYLE to U",7,20,105055
100764,"FUNDA PORT DESIGNS HELLO KITTY NGA.HKNE15BL",1,"17,5",100764
100765,"FUNDA PORT DESIGNS SMILEY 140261",1,15,100765
106044,"GARANTIA3 COVER 12 MESES MAXIMAL 1000",7,"45,95",106044
106042,"GARANTIA3 COVER 12 MESES MAXIMAL 250",10,"21,13",106042
106043,"GARANTIA3 COVER 12 MESES MAXIMAL 500",8,"33,9",106043
100043,"GARANTIA3 TOPE MAXIMO -1000€",47,"27,96",100043
104210,"GARANTIA3 TOPE MAXIMO -2000€",3,"38,75",104210
104208,"GARANTIA3 TOPE MAXIMO -500€",89,"22,24",104208
102102,"GOFRERA TRISTAR WF-2119",3,"15,95",102102
104758,"GOFRERA TRISTAR WF-2141",11,"16,11",104758
101025,"GRIFO TEKA ARK 915 239151200",9,"50,47",101025
101064,"GRIFO TEKA ARK 938 239381200",1,"88,07",101064
101203,"GRIFO TEKA IN 912 5391212",39,"36,25",101203
100842,"GRIFO TEKA IN 914 5391412",18,"40,69",100842
100841,"GRIFO TEKA IN 995 5399512",23,"44,41",100841
101794,"GRIFO TEKA ML CR 8191362",14,"30,9",101794
100843,"GRIFO TEKA MN CR 8191462",25,"40,69",100843
101780,"GRIFO TEKA SP 995 CR.559950200",9,"44,81",101780
100984,"GRIFO TEKA VITA 915 CR 249150200",1,"66,88",100984
102950,"GRILL ASAR MONDIAL G14 INOX TABLE GRILL PREMIUN",20,"30,83",102950
102021,"GRILL ASAR PRINCESS 102240",6,"37,76",102021
102022,"GRILL ASAR PRINCESS 102300",4,34,102022
104769,"GRILL ASAR PRINCESS 102325",20,"46,37",104769
104770,"GRILL ASAR PRINCESS 103011",3,"34,95",104770
102035,"GRILL ASAR TRISTAR BQ-2818",4,"25,75",102035
103851,"GRILL DELONGHI CG4001BK",4,"54,92",103851
103070,"GRILL TRISTAR GR-2846",42,"13,65",103070
104192,"GRILL-SANDWICHERA MONDIAL S18",25,"24,57",104192
102050,"GRILL-SANDWICHERA TRISTAR GR-2840",32,"26,97",102050
102051,"GRILL-SANDWICHERA TRISTAR GR-2848",26,"34,47",102051
100790,"GUIA PARA HORNOS SIEMENS TR3LFAS",1,20,100790
105130,"HERVIDOR BRAUN WK300",7,"33,37",105130
104446,"HERVIDOR CORBERÓ CKT1000P",7,"9,18",104446
104448,"HERVIDOR CORBERÓ CKT1700X",22,"18,38",104448
103393,"HERVIDOR MONDIAL CE01",224,16,103393
103735,"HERVIDOR MOULINEX BY107815",22,"18,88",103735
104937,"HERVIDOR MOULINEX BY540D10",12,"28,91",104937
103770,"HERVIDOR PHILIPS HD9334/20",12,"16,24",103770
104775,"HERVIDOR PRINCESS 233022",8,"30,84",104775
101186,"HERVIDOR SOLAC KT5855",1,"18,85",101186
104776,"HERVIDOR TRISTAR WK-1323",98,"16,65",104776
104778,"HERVIDOR TRISTAR WK-1331",161,"11,32",104778
104779,"HERVIDOR TRISTAR WK-1335",27,"12,31",104779
103565,"HERVIDOR TRISTAR WK-1338",92,18,103565
102108,"HERVIDOR TRISTAR WK-3213",79,"9,65",102108
104780,"HERVIDOR TRISTAR WK-3217",10,"25,64",104780
104743,"HERVIDOR TRISTAR WK-3218",8,"23,72",104743
104744,"HERVIDOR TRISTAR WK-3219",5,"23,72",104744
104745,"HERVIDOR TRISTAR WK-3220",1,"23,75",104745
105178,"HERVIDOR TRISTAR WK-3373",21,"17,45",105178
105949,"HERVIDOR TRISTAR WK-3376",168,"8,42",105949
103759,"HORNILLO TENSAI O-100-T",9,"11,97",103759
103760,"HORNILLO TENSAI O-200-T",153,"16,6",103760
103761,"HORNILLO TENSAI O-300-T",110,"18,83",103761
103762,"HORNILLO TENSAI O-400-T",15,24,103762
104766,"HORNILLO TRISTAR KO-6384",5,"33,14",104766
101068,"HORNO AEG BE3013021M A",21,238,101068
106163,"HORNO AEG BES331111M A",5,251,106163
105081,"HORNO AEG BP301302FM A+",17,315,105081
105066,"HORNO AEG BP331302FM A+",8,"373,05",105066
105564,"HORNO AEG BP731402FM A+",9,"375,4",105564
106162,"HORNO AEG BPE531120M A+",5,345,106162
105065,"HORNO AEG BS401332EM",1,"413,27",105065
102744,"HORNO BALAY 3HB404XM",2,"168,22",102744
102338,"HORNO BALAY 3HB411XM A",18,"158,53",102338
105201,"HORNO BALAY 3HB451XM",4,"264,45",105201
104255,"HORNO BALAY 3HB504BC",6,215,104255
102731,"HORNO BALAY 3HB504XM A",20,"205,36",102731
102481,"HORNO BALAY 3HB505XM A",19,"210,97",102481
102339,"HORNO BALAY 3HB506XM A",15,"230,06",102339
105200,"HORNO BALAY 3HB508NF",3,"264,45",105200
104235,"HORNO BALAY 3HB508XCT",8,"281,05",104235
102422,"HORNO BALAY 3HB516XM A",13,"258,8",102422
102517,"HORNO BALAY 3HB556XM",3,"309,11",102517
102174,"HORNO BALAY 3HB557XM A",12,"317,89",102174
104904,"HORNO BALAY 3HB558NCT",4,"344,21",104904
103811,"HORNO BALAY 3HB558NF",1,315,103811
105199,"HORNO BALAY 3HB558XF",3,"320,61",105199
104141,"HORNO BOSCH HBA22B250E",1,0,104141
102006,"HORNO BOSCH HBA22R251E A",9,"255,4",102006
104111,"HORNO BOSCH HBA23R150E",1,"299,7",104111
102347,"HORNO BOSCH HBA74R251E A(-10%)",10,"366,6",102347
103305,"HORNO BRANDT FP1540X",1,"255,25",103305
104050,"HORNO CANDY FCPK606X A",8,245,104050
105987,"HORNO CANDY FCS100X A",7,105,105987
106326,"HORNO CANDY FCS605X A",14,155,106326
102278,"HORNO CANDY FLG203/1X",3,300,102278
101774,"HORNO CANDY FPE502/6W A",8,125,101774
106197,"HORNO CORBERÓ CCH400X A",24,"124,03",106197
106198,"HORNO CORBERÓ CCH450MX A",17,"135,6",106198
106199,"HORNO CORBERÓ CCH650MXG A",13,"163,34",106199
106063,"HORNO CORBERÓ CHS260BCL",47,"54,01",106063
106064,"HORNO CORBERÓ CHS260WCL",28,"54,01",106064
104424,"HORNO CORBERÓ CHS35ICRL",19,"57,7",104424
106065,"HORNO CORBERÓ CHS360BICRL",30,"67,1",106065
105886,"HORNO CORBERÓ CHS360WICRL",8,"68,12",105886
104425,"HORNO CORBERÓ CHS40ICL",23,"59,7",104425
106066,"HORNO CORBERÓ CHS460BICRL",25,"69,5",106066
105887,"HORNO CORBERÓ CHS550BICRL",22,"78,56",105887
104426,"HORNO CORBERÓ CHS55ICRL",4,"69,8",104426
103513,"HORNO ELECTROLUX EOB2430AOX",3,"219,38",103513
106164,"HORNO ELECTROLUX EOB2430BOX A+",4,222,106164
101070,"HORNO ELECTROLUX EZC2430AOX A",11,"277,36",101070
105516,"HORNO INDESIT IFW6841JP IX A+",2,"234,31",105516
104134,"HORNO MICROONDAS BALAY 3HW441BC",3,0,104134
102228,"HORNO MOULINEX OX177230",2,"131,73",102228
104939,"HORNO MOULINEX OX444810",2,"64,93",104939
104938,"HORNO MOULINEX OX464810",5,"85,06",104938
103361,"HORNO PRINCESS 112371",23,65,103361
103362,"HORNO PRINCESS 112372",27,"69,9",103362
105203,"HORNO SIEMENS HB42AR555E A",13,"254,24",105203
105219,"HORNO SIEMENS HB673GBW1F A+",2,"552,37",105219
102286,"HORNO SIEMENS HB74AR521E",3,328,102286
104478,"HORNO TEKA HBB 435 INOX A 41560010",1,"143,75",104478
104479,"HORNO TEKA HBB 490 BCO.A 41560020",4,"143,75",104479
104481,"HORNO TEKA HBB 510 BCO A 41560031",3,"145,25",104481
104483,"HORNO TEKA HBB 535 INOX A 41560040",8,"155,25",104483
103548,"HORNO TEKA HKO 635IX A 41591500",5,198,103548
104485,"HORNO TEKA HLB 830 INOX A+ 41560060",4,"224,25",104485
104487,"HORNO TEKA HLB 840 BCO A+ 41560071",9,"241,5",104487
104488,"HORNO TEKA HLB 840 INOX A+ 41560070",6,"241,5",104488
104490,"HORNO TEKA HLB 840P INOX A+  41566010",2,"336,38",104490
104498,"HORNO TEKA HSB 615 INOX A 41560120",1,"175,38",104498
106434,"HORNO TEKA HSB 615 INOX A 41560125",1,160,106434
104499,"HORNO TEKA HSB 620P BCO A+ 41566031",9,"287,5",104499
104500,"HORNO TEKA HSB 620P NGO A+ 41566030",2,"287,5",104500
104501,"HORNO TEKA HSB 625P INOX A+ 41566040",11,"287,5",104501
104502,"HORNO TEKA HSB 630 BCO.A+ 41560131",4,190,104502
104503,"HORNO TEKA HSB 630 NGO A+ 41560130",3,190,104503
104504,"HORNO TEKA HSB 630P BCO A+ 41566051",4,"307,63",104504
104507,"HORNO TEKA HSB 635 INOX A+ 41560140",5,185,104507
104506,"HORNO TEKA HSB 635P INOX A+ 41566060",9,"307,63",104506
104508,"HORNO TEKA HSB 645 INOX A+ 41560150",6,"227,13",104508
105529,"HORNO TRISTAR OV-1436",44,38,105529
103561,"HORNO TRISTAR OV-1440",20,"67,75",103561
105943,"HORNO TRISTAR OV-1441",13,"54,9",105943
103562,"HORNO TRISTAR OV-1445",19,"84,95",103562
104927,"HORNO TRISTAR OV-1446",29,"63,5",104927
103375,"HORNO TRISTAR OV-1450",5,72,103375
105175,"HORNO TRISTAR OV-1452",5,"69,28",105175
104884,"HORNO WHIRLPOOL AKP 662/IX/01 A",22,"191,48",104884
106169,"HORNO WHIRLPOOL AKP 785IX A",10,215,106169
102158,"HORNO WHIRLPOOL AKP662/IX",7,"239,2",102158
102123,"HORNO WHIRLPOOL AKZ663/IX",7,"296,24",102123
105460,"HORNO WHIRLPOOL AKZ7890IX A+",3,"270,8",105460
105514,"HORNO WHIRLPOOL AKZ7960IX A+",2,"295,22",105514
105459,"HORNO WHIRLPOOL AKZM8680IX A+",3,"348,7",105459
106161,"HORNO ZANUSSI ZOB35722XV A",18,188,106161
103512,"HORNO ZANUSSI ZOP37922XK",1,"253,07",103512
104292,"HUMIDIFICADOR MONDIAL UA02",5,"18,5",104292
104798,"KIT RECIRCULACION BALAY LZ52750",1,0,104798
103222,"KIT RECIRCULACION BALAY LZ55650",1,"55,57",103222
100701,"KIT RECIRCULACION MEPAMSA 112.0053.007",1,"29,4",100701
106345,"KIT RECIRCULACION SET 1/T1 40490149",1,23,106345
100852,"KIT RECIRCULACION TEKA SET 1/K 40490108",1,0,100852
101080,"LAVADORA AEG L68280FL A+++",1,275,101080
106132,"LAVADORA AEG L6FBG144 A+++(-20%)",10,"389,48",106132
105312,"LAVADORA AEG L6FBG844 A+++(-20%)",7,"334,74",105312
105563,"LAVADORA AEG L6FBG944 A+++(-20%)",13,"369,8",105563
105700,"LAVADORA AEG L6FBI821 A+++(-20%)",7,323,105700
104913,"LAVADORA AEG L6FBI841 A+++(-20%)",12,"351,06",104913
103049,"LAVADORA AEG L74486WFL A+++",7,360,103049
104836,"LAVADORA AEG L7FEE941 A+++(-30%)",4,"415,51",104836
105311,"LAVADORA AEG L8FEC942 A+++(-50%)",5,"591,48",105311
104870,"LAVADORA AEG L8FEE842 A+++(-50%)",2,"502,11",104870
105310,"LAVADORA AEG L9FEC942 A+++(-70%)",4,"662,5",105310
102798,"LAVADORA BALAY 3TS853B A+",68,185,102798
102678,"LAVADORA BALAY 3TS863XA A+++",2,"297,82",102678
101308,"LAVADORA BALAY 3TS984B A+++",5,273,101308
105824,"LAVADORA BALAY 3TS986XP A+++(-30%)",13,"321,73",105824
106152,"LAVADORA BALAY 3TS986XT A+++(-30%)",13,"318,47",106152
106047,"LAVADORA BALAY 3TS999B A+++(-30%)",1,362,106047
104059,"LAVADORA BOSCH WAB20066EE A+",17,"211,05",104059
105184,"LAVADORA BOSCH WAN28260ES A+++ (-10%)",10,339,105184
103310,"LAVADORA BOSCH WAQ20367ES A+++(-20%)",22,280,103310
105202,"LAVADORA BOSCH WAQ24488ES A+++",9,332,105202
104165,"LAVADORA BOSCH WAQ2448XES A+++(-30%)",11,382,104165
103383,"LAVADORA BOSCH WAQ28468ES A+++(-30%)",26,310,103383
104136,"LAVADORA BOSCH WAT28468ES A+++(-30%)",6,303,104136
105593,"LAVADORA BOSCH WAT2848XES A+++(-30%)",8,419,105593
105708,"LAVADORA BOSCH WAT28491ES A+++(-30%)",9,398,105708
103903,"LAVADORA BOSCH WAT28660EE A+++(-30%)",20,429,103903
104277,"LAVADORA BOSCH WAW28690EE A+++(-30%)",3,637,104277
104879,"LAVADORA BRANDT BT552BP A+++",10,212,104879
103303,"LAVADORA BRANDT WM6120B A+++",15,"210,42",103303
102435,"LAVADORA BRANDT WM7120B A+++",7,"210,63",102435
105538,"LAVADORA BRANDT WM7120S A+++",21,235,105538
102188,"LAVADORA BRANDT WM7140B A+++",5,205,102188
102187,"LAVADORA BRANDT WM8120B A+++",8,228,102187
105537,"LAVADORA BRANDT WM8120S A+++",15,"278,88",105537
100949,"LAVADORA CANDY CO1072D1-S A+",8,225,100949
104803,"LAVADORA CANDY CS1072D3-S A+++",9,195,104803
105358,"LAVADORA CANDY CS1272D3/1-S A+++",21,215,105358
105464,"LAVADORA CANDY CS1482D3-S A+++",161,225,105464
105465,"LAVADORA CANDY CS1482D3/1-S A+++",1,225,105465
103583,"LAVADORA CANDY GC1071D2/1-S A++",5,220,103583
100936,"LAVADORA CANDY GV117D1/1-37 A+",4,"249,45",100936
104296,"LAVADORA CORBERÓ CLA1025W A++",21,155,104296
104298,"LAVADORA CORBERÓ CLA2106W A+++",2,163,104298
106202,"LAVADORA CORBERÓ CLT1260 A+++",9,"186,02",106202
106221,"LAVADORA CORBERÓ CLT1270 A+++",1,"201,04",106221
106222,"LAVADORA CORBERÓ CLT1490 A+++",14,"301,04",106222
106133,"LAVADORA ELECTROLUX EW6F4123EB A+++(-20%)",6,"376,35",106133
106135,"LAVADORA ELECTROLUX EW6F4822BB A+++(-20%)",8,"308,43",106135
106134,"LAVADORA ELECTROLUX EW6F4923EB A+++(-20%)",8,"335,79",106134
102672,"LAVADORA ELECTROLUX EWF1281EOW A+++",5,"256,85",102672
104729,"LAVADORA ELECTROLUX EWF1284DMW A+++(-20%)",4,"292,69",104729
105450,"LAVADORA ELECTROLUX EWF1294BR A+++(-20%)",3,315,105450
103492,"LAVADORA HOOVER DXA59AH/1-37 A+++",2,350,103492
103388,"LAVADORA HOOVER DXC 39A/1-37 A+++",1,315,103388
106533,"LAVADORA HOOVER DXOA510AC3/1-37 A+++",2,370,106533
105359,"LAVADORA HOOVER HL1492D3-S A+++",4,240,105359
106125,"LAVADORA HOOVER HLT372D-37 A+++",2,275,106125
105798,"LAVADORA HOOVER HNOTS380D37 A+++",6,310,105798
105799,"LAVADORA HOOVER HNOTS383DA37 A+++",5,345,105799
106183,"LAVADORA HOTPOINT RSG925JSEU A+++",10,"294,57",106183
106015,"LAVADORA INDESIT EWD91283WEU A+++",14,232,106015
104049,"LAVADORA INDESIT ITWA51052W(EU) A++",2,185,104049
104046,"LAVADORA INDESIT IWC71252CECOEU A++",21,185,104046
106174,"LAVADORA INDESIT IWC81283CECOEU.M A+++",28,215,106174
103347,"LAVADORA LG F1255FD.ABWQEES A++",7,687,103347
106356,"LAVADORA LG F4J6VY2W A+++ (-30%)",20,"321,74",106356
104242,"LAVADORA LG FH2U2VDN1 A+++(-30%)",9,395,104242
106157,"LAVADORA OTSEIN OT260L-37 A++",19,220,106157
106316,"LAVADORA OTSEIN OT262L-37 A++",51,225,106316
102964,"LAVADORA SAMSUNG WA10J5710SW TURBINA",9,485,102964
104792,"LAVADORA SAMSUNG WA16J6750LP",2,645,104792
104494,"LAVADORA SAMSUNG WF70F5E0W2W/EC A+++",25,235,104494
104495,"LAVADORA SAMSUNG WF80F5E0W2W/EC A+++",18,264,104495
104085,"LAVADORA SAMSUNG WF90F5E2W2W/EC A+++",3,343,104085
106272,"LAVADORA SAMSUNG WW80J5455DW/EC A+++(-40%)",72,295,106272
105540,"LAVADORA SAMSUNG WW80J5555FW/EC A+++(-10%)",20,"308,9",105540
105539,"LAVADORA SAMSUNG WW80J5555FX/EC A+++(-10%)",12,"328,9",105539
105406,"LAVADORA SAMSUNG WW80K4430YW/EC A+++(-10%)",27,315,105406
105532,"LAVADORA SAMSUNG WW80K5210XW/EC A+++(-30%)",25,"375,77",105532
103791,"LAVADORA SAMSUNG WW80K5410WW/EC A+++ Addwash",43,375,103791
103749,"LAVADORA SAMSUNG WW80K6414QW/EC A+++ AddWash",7,420,103749
103748,"LAVADORA SAMSUNG WW80K6414QX/EC A+++ AddWash",29,438,103748
106273,"LAVADORA SAMSUNG WW90J5455DW/EC A+++(-40%)",25,327,106273
104997,"LAVADORA SAMSUNG WW90K5410WW/EC A+++",10,410,104997
103806,"LAVADORA SAMSUNG WW90K6414QW/EC A+++ Addwash",2,"458,9",103806
106370,"LAVADORA SIEMENS WM10T479ES A+++(-30%)",49,305,106370
102289,"LAVADORA SIEMENS WM12E467EE A+++",1,280,102289
106031,"LAVADORA SIEMENS WM12N260ES A+++(-10%)",1,276,106031
105242,"LAVADORA SIEMENS WM12Q417ES A+++(-20%)",30,"282,45",105242
105591,"LAVADORA SIEMENS WM12T468ES A+++(-30%)",10,315,105591
105592,"LAVADORA SIEMENS WM12T48XES A+++(-30%)",8,388,105592
104253,"LAVADORA SIEMENS WM14K268EE A+++",19,"321,5",104253
105809,"LAVADORA SIEMENS WM14T491ES A+++(-30%)",1,0,105809
104648,"LAVADORA TEKA LI3 1470E BCA A+++ 40830210",10,"359,38",104648
104649,"LAVADORA TEKA LI3 1480E BCA 40830200",3,"382,38",104649
102565,"LAVADORA TEKA TK4 1270 A+++ BCA 40874221",2,"244,38",102565
102563,"LAVADORA TEKA TKD 1270 BCA A+++ 40874301",30,215,102563
102560,"LAVADORA TEKA TKD 1480 BCA A+++ 40874441",1,275,102560
102567,"LAVADORA TEKA TKX3 1260 A++ BCA 40874061",2,185,102567
104866,"LAVADORA WHIRLPOOL AWE2240 A++",1,199,104866
102129,"LAVADORA WHIRLPOOL AWOC8283 A+++",20,257,102129
102667,"LAVADORA WHIRLPOOL FSCR10425 A+++",9,"449,46",102667
105351,"LAVADORA WHIRLPOOL FSCR12440 A+++(-50%)",2,644,105351
102668,"LAVADORA WHIRLPOOL FSCR80421 A+++",29,"315,65",102668
105714,"LAVADORA WHIRLPOOL FSCR80422S A+++",9,"363,44",105714
106166,"LAVADORA WHIRLPOOL FWG81284WEU A+++(-10%)",10,275,106166
106165,"LAVADORA WHIRLPOOL FWG91284WEU A+++(-10%)",8,295,106165
104880,"LAVADORA WHIRLPOOL TDLR 65220 A+++",7,"293,61",104880
103354,"LAVADORA ZANUSSI ZWF71240W A+++",10,"217,85",103354
105568,"LAVADORA ZANUSSI ZWF81263W A+++",13,235,105568
104840,"LAVADORA-SECADORA AEG L77685NWD A",3,"539,88",104840
103219,"LAVADORA-SECADORA BOSCH WVH28470EP A",1,"680,89",103219
105149,"LAVADORA-SECADORA CANDY CSW485D-S A",3,335,105149
106223,"LAVADORA-SECADORA CORBERÓ CLST1850 B",2,"357,26",106223
104996,"LAVADORA-SECADORA SAMSUNG WD80K5410OW/EC A",7,"524,78",104996
104651,"LAVADORA-SECADORA TEKA SPA TKD 1610WD A 40874450",1,"517,5",104651
104917,"LAVAVAJILLAS  BALAY 3VS504IA A++",1,0,104917
101075,"LAVAVAJILLAS AEG F56312M0 A++",1,"359,57",101075
105084,"LAVAVAJILLAS AEG FFB53600ZM A+++",3,"446,39",105084
105083,"LAVAVAJILLAS AEG FFB53600ZW A+++",5,"410,9",105083
102343,"LAVAVAJILLAS BALAY 3VF301NP",2,"332,17",102343
106263,"LAVAVAJILLAS BALAY 3VF786XA A++",2,"465,68",106263
104909,"LAVAVAJILLAS BALAY 3VN303BA A+",35,"257,89",104909
104908,"LAVAVAJILLAS BALAY 3VN303IA A+",1,"320,83",104908
102345,"LAVAVAJILLAS BALAY 3VS306BP A+",12,"242,1",102345
105190,"LAVAVAJILLAS BALAY 3VS307IP A+",26,"278,13",105190
104784,"LAVAVAJILLAS BALAY 3VT304NA",1,"309,98",104784
104642,"LAVAVAJILLAS BALAY 3VT305NA",1,"329,73",104642
106006,"LAVAVAJILLAS BOSCH SMS25FI05E A++",8,"376,95",106006
105186,"LAVAVAJILLAS BOSCH SMS40C22EU A+",32,"275,22",105186
103471,"LAVAVAJILLAS BOSCH SMS50E22EU A+",3,"286,26",103471
102007,"LAVAVAJILLAS BOSCH SMV41D10EU",1,"385,74",102007
103473,"LAVAVAJILLAS BOSCH SMV51E40EU",1,0,103473
102190,"LAVAVAJILLAS BRANDT DFH12127S A+",2,"231,16",102190
102191,"LAVAVAJILLAS BRANDT DFH12127W A+",3,189,102191
105259,"LAVAVAJILLAS CANDY CDP 2L949W A++",1,230,105259
105254,"LAVAVAJILLAS CANDY CDP 2L949X A++",2,250,105254
103577,"LAVAVAJILLAS CANDY CDP 4609X A+",1,250,103577
103578,"LAVAVAJILLAS CANDY CDP 6S3TAW-S A+++",7,330,103578
103579,"LAVAVAJILLAS CANDY CDP 6S3TAX-S A+++",6,370,103579
105150,"LAVAVAJILLAS CANDY CDP1L39W A+",15,230,105150
101054,"LAVAVAJILLAS CANDY CPR110 A+",1,"219,53",101054
104317,"LAVAVAJILLAS CORBERÓ CLV300W A+",14,198,104317
104318,"LAVAVAJILLAS CORBERÓ CLV300X A+",17,"221,38",104318
106293,"LAVAVAJILLAS CORBERÓ CLV5600X A++",9,"203,82",106293
104313,"LAVAVAJILLAS CORBERÓ CLV6540W A++",11,"177,1",104313
104314,"LAVAVAJILLAS CORBERÓ CLV6540X A++",19,205,104314
105263,"LAVAVAJILLAS CORBERÓ CLV6600W A++",19,232,105263
105262,"LAVAVAJILLAS CORBERÓ CLV6600X A++",24,245,105262
104315,"LAVAVAJILLAS CORBERÓ CLV8600W A++",22,210,104315
104316,"LAVAVAJILLAS CORBERÓ CLV8600X A++",7,248,104316
104730,"LAVAVAJILLAS ELECTROLUX ESF5532LOX A++",10,327,104730
105067,"LAVAVAJILLAS ELECTROLUX ESF5535LOW A+++",7,317,105067
103454,"LAVAVAJILLAS FAGOR LVF11AX A+",2,278,103454
103869,"LAVAVAJILLAS HAIER DW12T1347Q A+",18,180,103869
103873,"LAVAVAJILLAS HAIER DW12T1347QX A+",7,200,103873
101047,"LAVAVAJILLAS HOOVER HEDS100/E-S A+",1,"285,89",101047
106330,"LAVAVAJILLAS SIEMENS SN215I01FE A++",5,"380,65",106330
104254,"LAVAVAJILLAS SIEMENS SN24D203EU A+",3,260,104254
104910,"LAVAVAJILLAS SIEMENS SN25M290EU A++",4,"394,73",104910
104654,"LAVAVAJILLAS TEKA DW8 40FI SILVER A+ 40782147",1,"227,13",104654
102581,"LAVAVAJILLAS TEKA DW8 41FI A++ 40782145",6,"255,88",102581
104655,"LAVAVAJILLAS TEKA DW8 55FI SILVER A+ 40782132",5,"241,5",104655
102579,"LAVAVAJILLAS TEKA DW8 70FI IX A++ 40782170",10,"330,63",102579
101563,"LAVAVAJILLAS TEKA LP7 400 BCO A+ 40782031",2,"213,43",101563
101356,"LAVAVAJILLAS TEKA LP7 811 BCO A+ 40782075",6,"224,21",101356
101357,"LAVAVAJILLAS TEKA LP7 811 IX A+ 40782080",1,"245,66",101357
104659,"LAVAVAJILLAS TEKA LP8 410 INOX A+ 40782035",7,215,104659
100999,"LAVAVAJILLAS TEKA LP8 440 BCO A+ 40782341",8,"228,25",100999
100992,"LAVAVAJILLAS TEKA LP8 440 INOX A+ 40782340",4,"264,5",100992
104661,"LAVAVAJILLAS TEKA LP8 810 BCO A+ 40782071",1,195,104661
104662,"LAVAVAJILLAS TEKA LP8 810 INOX A+ 40782072",1,"222,57",104662
102578,"LAVAVAJILLAS TEKA LP8 820 BCO A++ 40782365",9,"228,63",102578
101561,"LAVAVAJILLAS TEKA LP8 840 BCO A++ 40782391",2,"261,53",101561
106168,"LAVAVAJILLAS WHIRLPOOL ADG 301 A+",5,"298,7",106168
102127,"LAVAVAJILLAS WHIRLPOOL ADP400IX A++",1,"319,85",102127
102128,"LAVAVAJILLAS WHIRLPOOL ADP400WH A++",6,"290,33",102128
105513,"LAVAVAJILLAS WHIRLPOOL WFC3C26P A++",3,"289,47",105513
105512,"LAVAVAJILLAS WHIRLPOOL WFC3C26PX A++",2,"322,1",105512
102954,"LICUADORA MONDIAL CF06 SMART DAY TURBO JUICER",4,"31,56",102954
102231,"LICUADORA MOULINEX JU200045",13,"32,15",102231
104940,"LICUADORA MOULINEX JU350B39",10,"38,95",104940
103112,"LICUADORA PHILIPS  HR1855/70  700w negra",7,"64,9",103112
102025,"LICUADORA PRINCESS 202041",9,"73,02",102025
105733,"LICUADORA SOLAC LC-6205",38,15,105733
102080,"LICUADORA TRISTAR SC-2284",8,"27,09",102080
102081,"LICUADORA TRISTAR SC-2286",6,"21,8",102081
105947,"LICUADORA TRISTAR SC-2292",8,"83,68",105947
100769,"MALETIN PORT DESIGNS MANHATTAN ROSA 170021",1,"27,5",100769
100812,"MALETIN TECH AIR TANZ0105 7"" A 10""",23,"12,5",100812
105384,"MANDO VIVANCO 36493",49,10,105384
101135,"MAQUINA BROWNIE TAURUS BROWNIE&CO",2,"24,66",101135
102076,"MAQUINA CAKE POPS TRISTAR SA-1123",2,"19,95",102076
103327,"MAQUINA COSER ALFA A004100000 Style40",3,"145,62",103327
105054,"MAQUINA COSER ALFA A052500000 525",1,"127,59",105054
101136,"MAQUINA CUPCAKE TAURUS CUPCAKE&CO",5,"28,18",101136
102075,"MAQUINA MAGDALENA TRISTAR SA-1122",16,"17,7",102075
102044,"MAQUINA ROSQUILLAS TRISTAR DM-1147",8,"15,17",102044
100035,"MARCO MICROONDAS BALAY 3AW2018XP IX",1,"60,9",100035
100037,"MARCO MICROONDAS BALAY 3AW2019XR",1,33,100037
100038,"MARCO MICROONDAS BALAY 3AW2025N",1,33,100038
100039,"MARCO MICROONDAS BALAY AW7550",1,65,100039
100912,"MARCO MICROONDAS WHIRLPOOL AMW 612",2,30,100912
105952,"MATAINSECTOS TRISTAR IV-2620",29,"15,2",105952
105950,"MATAINSECTOS TRISTAR IV-3701",40,"4,42",105950
105951,"MATAINSECTOS TRISTAR IV-3704",37,"7,66",105951
105953,"MATAINSECTOS TRISTAR IV-3720",35,"20,22",105953
103314,"MICROCADENA SAMSUNG MM-J320/ZF",21,"76,79",103314
103542,"MICROCADENA SAMSUNG MM-J330/ZF",9,122,103542
100040,"MICROONDAS BALAY  3WMB1918+MARC BCO",1,"108,33",100040
103585,"MICROONDAS BALAY 3WGX1929P",3,0,103585
104239,"MICROONDAS BALAY 3WM360XIC",1,"151,7",104239
101679,"MICROONDAS BALAY 3WMX1918+MARCO",7,117,101679
102348,"MICROONDAS BOSCH HMT72G650",4,"153,24",102348
102688,"MICROONDAS BOSCH HMT72M654",1,"173,24",102688
104207,"MICROONDAS BRANDT SM2006W",739,39,104207
103886,"MICROONDAS CANDY CMC-30DCS",1,155,103886
102786,"MICROONDAS CANDY CMW2070M",22,42,102786
106325,"MICROONDAS CANDY CMXG20DR",5,70,106325
105431,"MICROONDAS CANDY CMXG20DS",10,70,105431
105274,"MICROONDAS CANDY CMXG25DCS",4,95,105274
105273,"MICROONDAS CANDY CMXG25DCW",5,87,105273
103385,"MICROONDAS CANDY MIC201EX",13,110,103385
105157,"MICROONDAS CORBERÓ CMIC200W",255,40,105157
105271,"MICROONDAS CORBERÓ CMIC208GW",11,40,105271
106108,"MICROONDAS CORBERÓ CMIC20MGW",234,"45,89",106108
106204,"MICROONDAS CORBERÓ CMICP110",46,112,106204
104525,"MICROONDAS TEKA MB 620BI INOX 40584000",2,125,104525
104526,"MICROONDAS TEKA ML 820BI NGO 40584201",8,"146,63",104526
102492,"MICROONDAS TEKA MW225G BCO 40590480",74,"54,63",102492
106508,"MICROONDAS TEKA MWE 220G BCO 40590610",50,55,106508
102491,"MICROONDAS TEKA MWE 225G BCO 40590471",17,45,102491
102490,"MICROONDAS TEKA MWE 225G IX 40590470",21,69,102490
101280,"MICROONDAS TEKA MWE200G BCO 40590425",66,"58,9",101280
102489,"MICROONDAS TEKA MWE225 FI 40581515",45,"117,88",102489
101281,"MICROONDAS TEKA MWE230G BCO 40590441",2,"71,88",101281
101353,"MICROONDAS TEKA MWE230G IX 40590440",22,"77,63",101353
103549,"MICROONDAS TEKA MWE252FI 40581122",25,131,103549
101410,"MICROONDAS TEKA MWL 20 BIS IX 40583400",1,"233,54",101410
105550,"MICROONDAS WHIRLPOOL MCP346SL",2,165,105550
105551,"MICROONDAS WHIRLPOOL MCP346WH",1,165,105551
105518,"MICROONDAS WHIRLPOOL MCP349/1SL",1,"198,7",105518
105515,"MICROONDAS WHIRLPOOL MWF421SL",2,"140,22",105515
102959,"MINI HORNO MONDIAL FR13 10L",1,"24,8",102959
103384,"MINI HORNO MONDIAL FR14 32L",31,"54,67",103384
106375,"MINIBAR BTV TERMOELECTRICO POLAR-26 NG 22V 86021",27,69,106375
106376,"MINIBAR BTV TERMOELECTRICO POLAR-40 NG 22V 86004",28,88,106376
104708,"MINIBAR IDEACOOLING IC40BN A+",4,"85,75",104708
104709,"MINIBAR IDEACOOLING IC40BT",13,"88,75",104709
102993,"MOLDEADOR BABYLISS C1100E",7,"85,19",102993
102994,"MOLDEADOR BABYLISS C901PE",8,"65,61",102994
102995,"MOLDEADOR BABYLISS C902PE",6,"65,61",102995
102996,"MOLDEADOR BABYLISS TW1100E",5,"33,04",102996
102255,"MOLDEADOR ROWENTA CF3610E0",2,86,102255
102831,"MOLDEADOR ROWENTA CF4132E0",1,"30,83",102831
104942,"MOLINILLO DE CAFÉ AR110830",13,"30,51",104942
104943,"MOLINILLO DE CAFÉ MC300132",9,"19,95",104943
102055,"MOLINILLO DE CAFÉ TRISTAR KM-2270",18,"12,24",102055
105204,"MONITOR ACER UM.FW3EE.001",2,"92,91",105204
105041,"MP3 ENERGY SISTEM 426492 CORAL",14,"22,47",105041
105042,"MP3 ENERGY SISTEM 426508 MINT",10,"22,47",105042
103090,"MULTIBARBERO PHILIPS QG3380/16 Kit 11 en 1",14,"47,22",103090
102958,"MULTICAZUELA MONDIAL PE03 1300W 30X30CM",39,16,102958
105102,"MULTICAZUELA TAURUS CRETA PREMIUM",2,"42,51",105102
104747,"MULTISOPAS PRINCESS 212040",7,"40,23",104747
104345,"PACK TECLADO+RATON CATKIL CTK021",3,"9,77",104345
102310,"PAELLERA TRISTAR PZ-2964",49,"16,61",102310
105924,"PANIFICADORA TRISTAR BM-4586",20,"46,03",105924
102875,"PASAPURE MOULINEX A40106 INOX",9,"12,56",102875
102876,"PASAPURE MOULINEX K1012114",6,"7,22",102876
100041,"PERFIL PTA.LVV. BALAY SZ75560",1,"23,8",100041
102235,"PICADORA MOULINEX A320R1",2,"32,1",102235
104945,"PICADORA MOULINEX DP805GBP",1,"60,96",104945
102815,"PICADORA MOULINEX ME205131",5,"54,55",102815
101069,"PLACA AEG HK623021FB",19,"168,12",101069
103514,"PLACA AEG HK633220FB",20,322,103514
105449,"PLACA AEG HK6532H2FB",5,315,105449
102768,"PLACA AEG HKA63322CB",5,"292,74",102768
104722,"PLACA AEG HKL65310FB",14,367,104722
105082,"PLACA AEG HKL65311FB",8,345,105082
105069,"PLACA AEG HKP65310FB",10,"442,59",105069
102329,"PLACA BALAY 3EB714ER",23,"140,66",102329
102762,"PLACA BALAY 3EB715LR",10,"174,41",102762
102330,"PLACA BALAY 3EB720LR",17,"154,72",102330
102017,"PLACA BALAY 3EB720XR",20,"149,26",102017
102204,"PLACA BALAY 3EB721LR",1,"190,75",102204
105191,"PLACA BALAY 3EB865ER",2,"270,53",105191
104793,"PLACA BALAY 3EB865FR",10,"278,49",104793
105278,"PLACA BALAY 3EB865MQ",1,0,105278
105960,"PLACA BALAY 3EB965LR",18,"276,09",105960
105012,"PLACA BALAY 3EB967FR",2,0,105012
106028,"PLACA BALAY 3EB969LU",5,"396,67",106028
105430,"PLACA BALAY 3EB969MU",1,0,105430
103807,"PLACA BALAY 3ETX464MB",5,112,103807
103814,"PLACA BOSCH PCC615B90E",5,192,103814
103815,"PLACA BOSCH PCQ715B90E",5,335,103815
103974,"PLACA BOSCH PID631BB1E",9,"378,61",103974
102352,"PLACA BOSCH PIL631B18E",4,"291,33",102352
102353,"PLACA BOSCH PKF631B17E",5,180,102353
102800,"PLACA BOSCH PKK631B17E",9,"203,64",102800
106008,"PLACA BOSCH PKK631B18E",20,168,106008
102354,"PLACA BOSCH PKM631B17E",9,"174,29",102354
103812,"PLACA BOSCH PPC616B21E",3,212,103812
106121,"PLACA BOSCH PPQ7A6B90",1,0,106121
106431,"PLACA BOSCH PUE645BB1E",1,0,106431
106050,"PLACA BOSCH PUJ631BB2E",4,"318,52",106050
103904,"PLACA BOSCH PVJ631FB1E",1,329,103904
104791,"PLACA CANDY CDH30",10,102,104791
105986,"PLACA CANDY CDI30",6,130,105986
100916,"PLACA CANDY CH630/1C",4,"140,48",100916
103946,"PLACA CANDY CH64C/2",5,118,103946
104264,"PLACA CANDY CI3640 ELITE",7,185,104264
102934,"PLACA CANDY CI630C/1",6,190,102934
100915,"PLACA CANDY CLG64SPX BG",10,75,100915
102890,"PLACA CANDY CVG63SQPN",3,160,102890
105267,"PLACA CORBERÓ CCI3002",38,"168,9",105267
106210,"PLACA CORBERÓ CCIBR6003",26,"156,85",106210
104417,"PLACA CORBERÓ CCV3IN60",1,210,104417
106219,"PLACA CORBERÓ CCVY460",80,"109,1",106219
104412,"PLACA CORBERÓ CPCG602W",33,"105,08",104412
105268,"PLACA CORBERÓ CPCG603N",133,105,105268
106242,"PLACA CORBERÓ CPCG603W",14,"104,38",106242
105269,"PLACA CORBERÓ CPCG610N",35,"94,69",105269
105722,"PLACA CORBERÓ CPCG612W",15,"97,99",105722
105391,"PLACA CORBERÓ CPCG705N",23,"130,59",105391
105270,"PLACA CORBERÓ CPG410X",241,"58,36",105270
105908,"PLACA EDESA URBAN-I14S",1,"222,82",105908
105565,"PLACA ELECTROLUX EGH6333BOX",24,"144,02",105565
101288,"PLACA ELECTROLUX EHF6231IOK",12,"153,88",101288
101071,"PLACA ELECTROLUX EHH6332ISK",17,249,101071
105072,"PLACA ELECTROLUX EHM6532FHK",10,"317,39",105072
105517,"PLACA INDESIT IVIA630LDC",13,198,105517
105731,"PLACA INDESIT VRM640M IX",7,119,105731
104905,"PLACA SIEMENS EH651FJB1E",1,"354,73",104905
106007,"PLACA SIEMENS EU631BJB2E",20,"267,75",106007
101095,"PLACA SMEG SEI563B",1,260,101095
100964,"PLACA SMEG SI36B",7,"239,62",100964
102696,"PLACA SMEG SR264XGH",3,160,102696
106536,"PLACA SMEG SRV864POGH",1,0,106536
101445,"PLACA TEKA CGW LUX 60 4G AI AL BUT.40216010",11,"195,5",101445
101468,"PLACA TEKA E/60.2 4P IX 10206007",4,"98,63",101468
101229,"PLACA TEKA E/60.3.4G AL BUT.40207040",6,"106,38",101229
102509,"PLACA TEKA EFX 60 2G 2H AI AL CI BUT 40214040",5,184,102509
102507,"PLACA TEKA EFX 60 4G AI AL DR BUT 40214060",13,"169,63",102507
101463,"PLACA TEKA EM 60 4G AI AL BUT 10209053",4,"124,5",101463
101228,"PLACA TEKA EM/30.2G.AL BUT.10209051",7,"83,38",101228
101242,"PLACA TEKA EM/30.2P 10209011",28,"74,75",101242
101223,"PLACA TEKA EM/30.2PT 10209012",20,"83,38",101223
104538,"PLACA TEKA EX 60.1 3G AI AL DR CI BUT 40212020",8,"140,88",104538
104540,"PLACA TEKA EX 60.1 4G AI AL CI BUT 40212001",17,"140,88",104540
104542,"PLACA TEKA EX 60.1 4G AI AL DR CI BUT 40212010",20,"155,25",104542
104511,"PLACA TEKA EX 70.1 5G AI AL DR CI BUT.40212040",3,"186,88",104511
102499,"PLACA TEKA HF LUX 60 4G AI AL CI BUT 40229085",11,115,102499
102496,"PLACA TEKA IB 6130 10210134",5,"215,49",102496
102495,"PLACA TEKA IB 6131 10210136",9,"225,45",102495
104552,"PLACA TEKA IB 6315 10210158",3,215,104552
101131,"PLACA TEKA IB6030 10210066",1,215,101131
100991,"PLACA TEKA IR6030 10210065",4,220,100991
104564,"PLACA TEKA IT 6320 10210172",35,270,104564
104566,"PLACA TEKA IT 6420 10210175",3,"282,4",104566
104568,"PLACA TEKA ITF 6320 10210179",9,"319,13",104568
104569,"PLACA TEKA IZ 6315 10210159",8,"224,21",104569
104570,"PLACA TEKA IZ 6320 10210173",17,"281,75",104570
104571,"PLACA TEKA IZ 6415 10210161",4,"241,5",104571
104572,"PLACA TEKA IZ 6420 10210176",9,"304,75",104572
104573,"PLACA TEKA IZF 6320 10210178",10,"307,63",104573
104574,"PLACA TEKA IZF 6420 10210180",2,"330,63",104574
104575,"PLACA TEKA IZF 6424 10210181",4,"333,5",104575
104580,"PLACA TEKA TB 6315 40239032",1,120,104580
104581,"PLACA TEKA TB 6415 40239042",3,115,104581
101352,"PLACA TEKA TR600 10208022",5,"137,5",101352
104584,"PLACA TEKA TT 6315 40239031",8,"155,25",104584
104586,"PLACA TEKA TT 6415 40239041",1,"140,88",104586
104588,"PLACA TEKA TZ 6315 40239030",1,"140,88",104588
104590,"PLACA TEKA TZ 6415 40239040",6,120,104590
101044,"PLACA TEKA VM30.2PT IX 10208010",47,"109,25",101044
102512,"PLACA TEKA VT TC 2P B 10210129",86,95,102512
105169,"PLACA TRISTAR IK-6178",28,"30,56",105169
105170,"PLACA TRISTAR IK-6179",16,"65,89",105170
106170,"PLACA WHIRLPOOL ACM 332/BA",10,"268,76",106170
104886,"PLACA WHIRLPOOL ACM 860/BF",21,"216,02",104886
104391,"PLACA WHIRLPOOL ACM331",12,"318,24",104391
102125,"PLACA WHIRLPOOL ACM711/BF",4,"278,16",102125
102124,"PLACA WHIRLPOOL ACM875/BA",13,267,102124
105677,"PLACA WHIRLPOOL AKT809/LX",6,"129,89",105677
100904,"PLACA WHIRLPOOL AKT8090NE",3,"139,6",100904
104887,"PLACA WHIRLPOOL GOR 6414/NB",23,145,104887
105969,"PLACA ZANUSSI Z6123IOK",20,148,105969
101072,"PLACA ZANUSSI Z6233IOK",23,220,101072
102770,"PLACA ZANUSSI ZEV6330FBA",26,138,102770
105380,"PLACA ZANUSSI ZGO66334BA",7,168,105380
102947,"PLANCHA ASAR MONDIAL TC01 TABLE CHEF FAMILY",27,"28,27",102947
102948,"PLANCHA ASAR MONDIAL TC02 TABLE CHEF PARTY",40,"43,76",102948
104914,"PLANCHA ASAR MONDIAL TC03",38,"25,15",104914
103241,"PLANCHA ASAR PHILIPS HD4418/20",2,"56,52",103241
103240,"PLANCHA ASAR PHILIPS HD6305/20",7,"46,79",103240
104749,"PLANCHA ASAR PRINCESS 102210",11,"26,51",104749
102268,"PLANCHA ASAR TEFAL CB500512",1,"22,65",102268
102032,"PLANCHA ASAR TRISTAR BP-2826",27,"21,92",102032
102034,"PLANCHA ASAR TRISTAR BP-2965",75,"22,85",102034
103366,"PLANCHA ASAR TRISTAR BP-2970",38,"32,7",103366
103861,"PLANCHA BRAUN IS5042WH CENTRO PLANCHADO",1,"182,5",103861
103121,"PLANCHA EN SECO PHILIPS  GC160/02",3,"13,66",103121
104717,"PLANCHA PELO BABYLISS ST389E",9,"53,41",104717
105900,"PLANCHA PELO PHILIPS HPS930/40",11,"49,92",105900
104983,"PLANCHA PELO ROWENTA SF7510F0",1,"51,35",104983
102257,"PLANCHA PELO ROWENTA SF7640E0",1,"49,63",102257
102179,"PLANCHA POLTI PLEU0179 VAPORELLA FOREVER 615 PRO C",10,"78,9",102179
105480,"PLANCHA POLTI PLEU0223 VAPORELLA 515 PRO CENTRO PL",10,64,105480
102092,"PLANCHA TRISTAR ST-8910 CENTRO PLANCHADO",7,"58,46",102092
105499,"PLANCHA VAPOR BRAUN SI7062BL",2,"59,36",105499
103864,"PLANCHA VAPOR BRAUN TS725",19,"44,07",103864
103863,"PLANCHA VAPOR BRAUN TS735TP",6,"58,72",103863
103862,"PLANCHA VAPOR BRAUN TS755",4,"60,22",103862
105061,"PLANCHA VAPOR BRAUN TS775TP",5,"67,23",105061
104829,"PLANCHA VAPOR PHILIPS GC2982/30",16,"30,33",104829
104828,"PLANCHA VAPOR PHILIPS GC3829/80",9,"40,44",104828
104827,"PLANCHA VAPOR PHILIPS GC4511/20",4,"41,76",104827
105948,"PLANCHA VAPOR TRISTAR ST-8132",6,"12,22",105948
102087,"PLANCHA VAPOR TRISTAR ST-8137",83,"8,29",102087
105181,"PLANCHA VAPOR TRISTAR ST-8145",76,"15,17",105181
102089,"PLANCHA VAPOR TRISTAR ST-8227",1,"13,95",102089
102090,"PLANCHA VAPOR TRISTAR ST-8234",10,"13,66",102090
106526,"PORTATIL ACER NX.GGSEB.009",20,275,106526
106385,"PORTATIL ACER NX.GS6EB.001",19,"398,02",106385
100746,"RADIADOR NORTLINE PARED CA-025",42,"8,37",100746
103380,"RADIADOR TRISTAR KA-5113",5,29,103380
103036,"RADIADOR TRISTAR KA-5115",53,"38,43",103036
103037,"RADIADOR TRISTAR KA-5116",1,"43,28",103037
100025,"RADIORELOJ  AUDIOSONIC CL1507",1,"26,04",100025
100018,"REC.FILTRO AGUA ARIETE 7300",2,5,100018
100687,"RECAMBIO MAGEFESA OLLA A PRESION RAPIDA",11,2,100687
100801,"REPUESTO CERA SOLAC DEPILAR",4,2,100801
106030,"ROBOT COCINA ELECTROLUX EKM4000",6,"238,95",106030
105880,"ROBOT COCINA ELECTROLUX EKM4300",1,"242,99",105880
104966,"ROBOT COCINA KENWOOD FGP203WG",8,"54,92",104966
102956,"ROBOT COCINA MONDIAL MP02",14,"16,5",102956
102238,"ROBOT COCINA MOULINEX FP513110",1,"59,55",102238
102237,"ROBOT COCINA MOULINEX FP520GB1",2,"85,99",102237
104950,"ROBOT COCINA MOULINEX QA5081B1",4,"160,36",104950
105250,"ROBOT COCINA PHILIPS HR7629/90",4,"52,72",105250
104445,"SANDWICHERA CORBERÓ CSW100",18,"8,38",104445
102273,"SANDWICHERA TEFAL SM155012",9,"17,4",102273
105945,"SANDWICHERA TRISTAR SA-2198",116,"8,42",105945
102078,"SANDWICHERA TRISTAR SA-3051",70,"9,95",102078
102079,"SANDWICHERA TRISTAR SA-3056",104,"11,96",102079
105946,"SANDWICHERA TRISTAR SA-3065",14,"19,64",105946
100601,"SARTEN GREENPAN GPKYI28 KYOTO",1,15,100601
105747,"SARTEN TAURUS ACTIVE CLASSIC 20",8,"8,9",105747
105748,"SARTEN TAURUS ACTIVE CLASSIC 22",8,"10,03",105748
105749,"SARTEN TAURUS ACTIVE CLASSIC 24",8,"11,15",105749
105750,"SARTEN TAURUS ACTIVE CLASSIC 26",7,"11,72",105750
105751,"SARTEN TAURUS ACTIVE CLASSIC 28",10,"12,85",105751
105737,"SARTEN TAURUS VITAL STONE 20",3,"6,9",105737
105738,"SARTEN TAURUS VITAL STONE 22",3,"8,7",105738
105740,"SARTEN TAURUS VITAL STONE 26",3,"9,25",105740
105741,"SARTEN TAURUS VITAL STONE 28",7,"10,4",105741
104992,"SARTEN TEFAL C6200405 Ø 24CM",1,"21,18",104992
104990,"SARTEN TEFAL C6200605 Ø 28CM",1,"25,16",104990
104989,"SARTEN TEFAL C6200705 Ø 30CM",1,"28,22",104989
102982,"SECADOR PELO BABYLISS 6604E",10,"20,38",102982
104206,"SECADOR PELO BABYLISS 6609E",9,"23,04",104206
102983,"SECADOR PELO BABYLISS 6610DE",17,"26,9",102983
102984,"SECADOR PELO BABYLISS 6611E",18,"28,53",102984
104295,"SECADOR PELO BABYLISS D372E",9,"26,59",104295
106379,"SECADOR PELO BTV BLANCO DESIGN 800W 220V 00749",28,19,106379
106381,"SECADOR PELO BTV CLUB 1650W NG 10426",27,19,106381
106380,"SECADOR PELO BTV CLUB 1650W NG+BASE 10425",28,24,106380
106377,"SECADOR PELO BTV RCY120-18B 00746",18,25,106377
106378,"SECADOR PELO BTV RCY120-18C 00748",28,18,106378
106382,"SECADOR PELO BTV WAVE 1800 W NG C/DIFUSOR 10410",18,20,106382
104451,"SECADOR PELO CORBERÓ CSE2000AC",29,"18,37",104451
104452,"SECADOR PELO CORBERÓ CSE2200",18,"11,25",104452
104453,"SECADOR PELO CORBERÓ CSE2200ION",29,"12,25",104453
103456,"SECADOR PELO FAGOR SP-2200AC",37,"22,5",103456
103098,"SECADOR PELO PHILIPS HP8230/00 Secador 2100 TP",1,"13,5",103098
102261,"SECADOR PELO ROWENTA CV6030E0",6,"28,47",102261
102260,"SECADOR PELO ROWENTA CV7671E0",7,"47,43",102260
103740,"SECADOR PELO ROWENTA CV8722EO",1,"29,56",103740
105734,"SECADOR PELO SOLAC SH7082",27,16,105734
104926,"SECADOR PELO TRISTAR HD-2322",69,"9,96",104926
101196,"SECADOR PELO TRISTAR HD-2333",51,"7,95",101196
105168,"SECADOR PELO TRISTAR HD-2358",70,"11,12",105168
105932,"SECADOR+PLANCHA TRISTAR HD-2366",18,"17,09",105932
104837,"SECADORA AEG T76385AH3 A+",9,"441,11",104837
103052,"SECADORA AEG T76786IH1 A++",22,458,103052
105320,"SECADORA AEG T8DBG842 A++",19,"449,48",105320
106136,"SECADORA AEG T8DBG862 A+++",7,"531,18",106136
105314,"SECADORA AEG T8DEC866 A+++",2,"593,95",105314
104835,"SECADORA AEG T8DEE862 A+++",2,"559,79",104835
101263,"SECADORA AEG T97680IH A+++",4,"660,5",101263
104817,"SECADORA BALAY 3SB285B A+",9,"373,91",104817
105808,"SECADORA BALAY 3SB987X A++",3,"481,52",105808
106151,"SECADORA BALAY 3SB995B A++",5,"495,26",106151
106150,"SECADORA BALAY 3SB998B A++",5,"570,8",106150
104818,"SECADORA BALAY 3SC185B B",11,"330,39",104818
102753,"SECADORA BALAY 3SC871B B",4,"242,39",102753
104906,"SECADORA BOSCH WTE84107EE",1,"283,15",104906
104122,"SECADORA BOSCH WTG84260EE B",5,"379,34",104122
104815,"SECADORA BOSCH WTG85230EE A++",11,"438,95",104815
106147,"SECADORA BOSCH WTG87228EE A++",10,"458,67",106147
106146,"SECADORA BOSCH WTG87238EE A++",4,"533,21",106146
106145,"SECADORA BOSCH WTG87239EE A++",3,"533,69",106145
106144,"SECADORA BOSCH WTG8729XEE A++",3,"592,39",106144
106148,"SECADORA BOSCH WTH85200ES A++",6,"426,55",106148
103332,"SECADORA BRANDT BDT561AL",12,387,103332
105355,"SECADORA CANDY GCC580NB-S B",22,"228,4",105355
103943,"SECADORA CANDY GCS991A1T-S A+",1,400,103943
105356,"SECADORA CANDY GVSD913A2-S A++",22,350,105356
105261,"SECADORA CORBERÓ CSBC910W A++",19,338,105261
104308,"SECADORA CORBERÓ CSCE800 B",6,"248,35",104308
106254,"SECADORA CORBERÓ CSVE710W C",21,"155,37",106254
103351,"SECADORA ELECTROLUX EDH3684PDE A+",5,395,103351
106138,"SECADORA ELECTROLUX EW8H2966IR A++",9,"497,85",106138
105668,"SECADORA HOTPOINT FTCF97B6HY B",5,"333,05",105668
106184,"SECADORA HOTPOINT TCD8746H1(EU) A+",10,398,106184
106175,"SECADORA INDESIT EDPE945A2ECO(EU) A++",12,330,106175
106176,"SECADORA INDESIT IDCEG45BH(EU) B",15,"239,13",106176
106177,"SECADORA INDESIT IDV75 (EU) B",12,185,106177
102442,"SECADORA SAMSUNG DV80F5E5HGW A++",3,584,102442
105134,"SECADORA SAMSUNG DV90K6000CW A++",11,460,105134
103075,"SECADORA SIEMENS WT43W530EE A++",1,"495,75",103075
104218,"SECADORA SIEMENS WT45G238EE A++",5,"507,36",104218
105188,"SECADORA SIEMENS WT46B310EE B",17,"297,31",105188
106149,"SECADORA SIEMENS WT47G428EE A++",6,"455,43",106149
102574,"SECADORA TEKA TKS 850C BCA 40854100",10,"304,75",102574
102573,"SECADORA TEKA TKS 890H A++  40854200",10,"480,13",102573
102576,"SECADORA TEKA TKS1 600 BCA 40851210",17,"175,38",102576
102575,"SECADORA TEKA TKS1 710C B 40854000",10,"293,25",102575
104882,"SECADORA WHIRLPOOL HDLX 80312 A+",37,359,104882
103580,"SECADORA WHIRLPOOL HSCX80313",2,425,103580
103158,"SECADORA WHIRLPOOL HSCX80424 A++",24,445,103158
103510,"SECADORA WHIRLPOOL HSCX90421 A++",7,"483,51",103510
106130,"SECADORA ZANUSSI ZDH8373W A+++",3,477,106130
105937,"SET MANICURA TRISTAR MP-2398",38,"13,17",105937
104753,"SOPLETE TRISTAR YB-2611",4,"11,1",104753
100896,"SOPORTE VIVANCO 26943 10-22""",8,9,100896
100898,"SOPORTE VIVANCO 33387 55-80/139-203 WF8065",4,30,100898
100747,"SPLIT NORTLINE BOMBA DE CALOR CA112",15,"25,65",100747
102183,"TABLA PLANCHAR POLTI FPAS0039 VAPORELLA BASIC",4,31,102183
100736,"TDT NEVIR HD NVR2500",1,35,100736
106268,"TELEVISION ENGEL LE2060",49,"81,69",106268
106269,"TELEVISION ENGEL LE2460",7,"102,81",106269
106416,"TELEVISION HISENSE  H60NEC5600",9,"705,43",106416
105483,"TELEVISION HISENSE H32M2600",5,"183,09",105483
106336,"TELEVISION HISENSE H39N2110C",9,242,106336
106417,"TELEVISION HISENSE H65N5300",10,"728,92",106417
106297,"TELEVISION LG 43LJ614V",30,"347,37",106297
106299,"TELEVISION LG 43UJ634V",20,"447,43",106299
106408,"TELEVISION LG 43UJ651V.AEU",10,"393,69",106408
106300,"TELEVISION LG 49UJ634",9,"519,36",106300
106409,"TELEVISION LG 49UJ651V.AEU",8,"489,81",106409
106301,"TELEVISION LG 55UJ634V",8,"641,3",106301
106410,"TELEVISION LG 55UJ670V.AEU",5,"632,44",106410
106412,"TELEVISION LG 70UJ675V.AEU",3,"1544,08",106412
106413,"TELEVISION LG OLED55C7V.AEU",3,"1547,55",106413
106438,"TELEVISION PHILIPS 22PFT4022/12",23,"104,92",106438
105793,"TELEVISION PHILIPS 22PFT4232/12 (12 voltios)",26,"123,03",105793
105990,"TELEVISION PHILIPS 24PFS4022/12 (satelite)",37,128,105990
105795,"TELEVISION PHILIPS 43PFT5302/12",16,"341,07",105795
104286,"TELEVISION PHILIPS 43PUH6101/88",1,318,104286
106311,"TELEVISION PHILIPS 50PUS6162/12",22,405,106311
106353,"TELEVISION PHILIPS 55PUS6162/12",16,"488,91",106353
105791,"TELEVISION PHILIPS 55PUS6262/12",9,"615,22",105791
105298,"TELEVISION PHILIPS 55PUS6551/12",2,715,105298
106436,"TELEVISION PHILIPS 65PUS6262/12",10,"947,32",106436
105796,"TELEVISION PHILIPS 65PUS6521/12",3,"1001,43",105796
106437,"TELEVISION PHLIPS 43PFT4112/12",39,"254,84",106437
106274,"TELEVISION SAMSUNG UE43MU6125KXXC",28,"390,38",106274
105774,"TELEVISION SAMSUNG UE49M5505AKXXC",7,"498,86",105774
106275,"TELEVISION SAMSUNG UE49MU6405UXXC",24,"530,67",106275
105775,"TELEVISION SAMSUNG UE55MU6205KXXC",2,"764,21",105775
106276,"TELEVISION SAMSUNG UE58MU6125KXXC",29,"624,19",106276
105776,"TELEVISION SAMSUNG UE65MU6405UXXC",1,"1252,02",105776
100062,"TERMO BRANDT TERMAL CB100UT",10,"103,45",100062
104427,"TERMO CORBERÓ CT28V1",29,60,104427
104428,"TERMO CORBERÓ CT47V1",26,72,104428
104430,"TERMO CORBERÓ CT92V1",20,102,104430
105282,"TERMO HOOVER OHTC100H",3,115,105282
105280,"TERMO HOOVER OHTC15",10,56,105280
105281,"TERMO HOOVER OHTC25",12,63,105281
105671,"TERMO HOOVER OHTC30",11,63,105671
105473,"TERMO HOOVER OHTC50",41,70,105473
105283,"TERMO HOOVER OHTC80H",5,110,105283
100749,"TERMO NOVELTY NV750",43,77,100749
100925,"TERMO OTSEIN TC15",8,"56,88",100925
100928,"TERMO OTSEIN TR100RS",10,"122,97",100928
101569,"TERMO TEKA EWH 100 42080100",29,107,101569
102582,"TERMO TEKA EWH 15 42080015",108,55,102582
102584,"TERMO TEKA EWH 50 SLIM 42080055",7,"103,5",102584
101570,"TERMO TEKA EWH 80 42080080",3,91,101570
102585,"TERMO TEKA EWH 80 H 42080280",17,"106,38",102585
104459,"TERMOVENTILADOR CORBERÓ CCFTM1000G",67,"15,76",104459
104458,"TERMOVENTILADOR CORBERÓ CCFTM2000N",3,"13,91",104458
105935,"TORTILLA CHEF PRINCESS 01.118000.01.001",17,"44,76",105935
104922,"TOSTADOR  TRISTAR BR-2139",15,"18,92",104922
104933,"TOSTADOR BRAUN HT400",12,"24,34",104933
103865,"TOSTADOR BRAUN HT500WH",10,"31,28",103865
104443,"TOSTADOR CORBERÓ CTC802P",21,"12,25",104443
104444,"TOSTADOR CORBERÓ CTC820X",11,"19,33",104444
104442,"TOSTADOR CORBERÓ CTP600X",11,"18,37",104442
102953,"TOSTADOR MONDIAL T08 SMART DAY 4 SLICE TOASTER",28,"30,56",102953
103394,"TOSTADOR MONDIAL T09",19,"24,6",103394
104954,"TOSTADOR MOULINEX A15453",4,"19,28",104954
102241,"TOSTADOR MOULINEX LS260800",3,"26,49",102241
104952,"TOSTADOR MOULINEX LS330D11",7,"25,69",104952
105534,"TOSTADOR PHILIPS HD2581/00",14,"16,24",105534
104742,"TOSTADOR PRINCESS 142008",1,"14,54",104742
100779,"TOSTADOR SANDWICHERA PRINCESS 142329",10,"20,57",100779
105097,"TOSTADOR TAURUS PLANET (VER V)",8,"19,75",105097
101144,"TOSTADOR TAURUS PLANET II LEGEND",13,"24,26",101144
102307,"TOSTADOR TRISTAR BR-1009",110,"7,85",102307
101028,"TOSTADOR TRISTAR BR-1013",32,"9,85",101028
102308,"TOSTADOR TRISTAR BR-1022",14,"14,17",102308
103367,"TOSTADOR TRISTAR BR-1024",61,"15,75",103367
105929,"TOSTADOR TRISTAR BR-2138",17,"16,41",105929
105930,"TOSTADOR TRISTAR BR-2400",23,"12,31",105930
103436,"USB ADAPTADOR WIFI SAMSUNG WIS15ABGNX/XC",7,26,103436
103572,"VAPORETTO POLTI  DIFFUSION PTEU0257",2,"44,15",103572
102171,"VAPORETTO POLTI GO PTEU0233 GENERADOR VAPOR",1,72,102171
104854,"VAPORETTO POLTI HANDY 15 PTEU 0264",5,"61,96",104854
102170,"VAPORETTO POLTI PTEU0241 POCKET 2.0 GENERADOR VAPO",3,"60,9",102170
104852,"VAPORETTO POLTI PVEU0081 FAV20 LECOASPIRA",2,274,104852
104853,"VAPORETTO POLTI PVEU0084 FAV70_INTELLIGENCE",2,"463,3",104853
103625,"VAPORETTO POLTI SMART30R PTEU0268",6,"77,56",103625
104433,"VENTILADOR CORBERÓ CVTBFR30",35,"14,84",104433
105704,"VENTILADOR CORBERÓ CVTCR30",27,"22,15",105704
105703,"VENTILADOR CORBERÓ CVTCR40",38,"33,22",105703
105702,"VENTILADOR CORBERÓ CVTCR50",16,"38,76",105702
105706,"VENTILADOR CORBERÓ CVTSB30",18,"16,61",105706
105705,"VENTILADOR CORBERÓ CVTSB40",36,"22,15",105705
105894,"VENTILADOR CORBERÓ CVTTTM",38,"22,15",105894
104148,"VENTILADOR MONDIAL CA04",48,"18,96",104148
104095,"VENTILADOR MONDIAL V63-6P 6ASPAS",59,25,104095
105917,"VENTILADOR MONDIAL V67-6P",100,"27,21",105917
105918,"VENTILADOR MONDIAL V68-6P",9,"32,66",105918
105652,"VENTILADOR TAURUS PONENT 16",2,"28,8",105652
105656,"VENTILADOR TAURUS SIROCCO 14",5,"44,8",105656
105655,"VENTILADOR TAURUS SIROCCO 18",6,"58,8",105655
105727,"VENTILADOR TRISTAR VE-5885",42,"38,6",105727
105729,"VENTILADOR TRISTAR VE-5929",97,"35,48",105729
102312,"VENTILADOR TRISTAR VE-5930",18,"14,15",102312
102314,"VENTILADOR TRISTAR VE-5933",50,"22,68",102314
105726,"VENTILADOR TRISTAR VE-5936",44,"28,36",105726
102315,"VENTILADOR TRISTAR VE-5948",16,"14,3",102315
102316,"VENTILADOR TRISTAR VE-5949",13,"14,68",102316
100887,"VENTILADOR TRISTAR VE-5952",23,26,100887
103628,"VENTILADOR TRISTAR VE-5970",8,25,103628
105728,"VENTILADOR TRISTAR VE-5975",8,"43,91",105728
105786,"VENTILADOR TRISTAR VE-5977PR",48,"18,88",105786
105783,"VENTILADOR TRISTAR VE-5978",10,"14,12",105783
105784,"VENTILADOR TRISTAR VE-5988",12,"21,26",105784
105717,"VENTILADOR TRISTAR VE-5995",5,"11,25",105717
100888,"VENTILADOR TRISTAR VE5953",3,"28,6",100888
105179,"VINOTECA TRISTAR WR-7508",10,"83,65",105179
105180,"VINOTECA TRISTAR WR-7512",7,"135,98",105180
105185,"VINOTECA TRISTAR WR-7516",8,"114,09",105185
